19:10:7,-1.0,-1.0,0,T-Mobile’s next move could be devastating for AT&amp;T and Verizon: Paying off subscribers’ early termination fees if they switch from a rival carrier.
19:10:7,-1.0,-1.0,0,T-Mobile’s next move could be devastating for AT&amp;T and Verizon: Paying off subscribers’ early termination fees if they switch from a rival carrier.
19:10:7,-1.0,-1.0,0,T-Mobile’s next move could be devastating for AT&amp;T and Verizon: Paying off subscribers’ early termination fees if they switch from a rival carrier.
19:10:7,-1.0,-1.0,0,T-Mobile’s next move could be devastating for AT&amp;T and Verizon: Paying off subscribers’ early termination fees if they switch from a rival carrier.
19:10:7,-1.0,-1.0,0,T-Mobile’s next move could be devastating for AT&amp;T and Verizon: Paying off subscribers’ early termination fees if they switch from a rival carrier.
19:10:7,-1.0,-1.0,0,T-Mobile’s next move could be devastating for AT&amp;T and Verizon: Paying off subscribers’ early termination fees if they switch from a rival carrier.
19:10:7,-1.0,-1.0,0,T-Mobile’s next move could be devastating for AT&amp;T and Verizon: Paying off subscribers’ early termination fees if they switch from a rival carrier.
19:10:7,-1.0,-1.0,0,T-Mobile’s next move could be devastating for AT&amp;T and Verizon: Paying off subscribers’ early termination fees if they switch from a rival carrier.
19:10:7,-1.0,-1.0,0,T-Mobile’s next move could be devastating for AT&amp;T and Verizon: Paying off subscribers’ early termination fees if they switch from a rival carrier.
19:10:7,-1.0,-1.0,0,T-Mobile’s next move could be devastating for AT&amp;T and Verizon: Paying off subscribers’ early termination fees if they switch from a rival carrier.
19:10:7,-1.0,-1.0,0,T-Mobile’s next move could be devastating for AT&amp;T and Verizon: Paying off subscribers’ early termination fees if they switch from a rival carrier.
19:10:7,-1.0,-1.0,0,T-Mobile’s next move could be devastating for AT&amp;T and Verizon: Paying off subscribers’ early termination fees if they switch from a rival carrier.
19:10:7,-1.0,-1.0,0,T-Mobile’s next move could be devastating for AT&amp;T and Verizon: Paying off subscribers’ early termination fees if they switch from a rival carrier.
19:10:7,-1.0,-1.0,0,T-Mobile’s next move could be devastating for AT&amp;T and Verizon: Paying off subscribers’ early termination fees if they switch from a rival carrier.
19:10:7,-1.0,-1.0,0,T-Mobile’s next move could be devastating for AT&amp;T and Verizon: Paying off subscribers’ early termination fees if they switch from a rival carrier.
19:10:7,-1.0,-1.0,0,T-Mobile’s next move could be devastating for AT&amp;T and Verizon: Paying off subscribers’ early termination fees if they switch from a rival carrier.
19:10:7,-1.0,-1.0,0,T-Mobile’s next move could be devastating for AT&amp;T and Verizon: Paying off subscribers’ early termination fees if they switch from a rival carrier.
19:10:8,-1.0,-1.0,0,T-Mobile’s next move could be devastating for AT&amp;T and Verizon: Paying off subscribers’ early termination fees if they switch from a rival carrier.
19:10:8,-1.0,-1.0,0,T-Mobile’s next move could be devastating for AT&amp;T and Verizon: Paying off subscribers’ early termination fees if they switch from a rival carrier.
19:10:8,-1.0,-1.0,0,T-Mobile’s next move could be devastating for AT&amp;T and Verizon: Paying off subscribers’ early termination fees if they switch from a rival carrier.
19:10:8,-1.0,-1.0,0,T-Mobile’s next move could be devastating for AT&amp;T and Verizon: Paying off subscribers’ early termination fees if they switch from a rival carrier.
19:10:8,-1.0,-1.0,0,T-Mobile’s next move could be devastating for AT&amp;T and Verizon: Paying off subscribers’ early termination fees if they switch from a rival carrier.
19:10:8,-1.0,-1.0,0,T-Mobile’s next move could be devastating for AT&amp;T and Verizon: Paying off subscribers’ early termination fees if they switch from a rival carrier.
19:10:8,-1.0,-1.0,0,T-Mobile’s next move could be devastating for AT&amp;T and Verizon: Paying off subscribers’ early termination fees if they switch from a rival carrier.
19:10:8,-1.0,-1.0,0,T-Mobile’s next move could be devastating for AT&amp;T and Verizon: Paying off subscribers’ early termination fees if they switch from a rival carrier.
19:10:8,-1.0,-1.0,0,T-Mobile’s next move could be devastating for AT&amp;T and Verizon: Paying off subscribers’ early termination fees if they switch from a rival carrier.
19:10:8,-1.0,-1.0,0,T-Mobile’s next move could be devastating for AT&amp;T and Verizon: Paying off subscribers’ early termination fees if they switch from a rival carrier.
19:10:8,-1.0,-1.0,0,T-Mobile’s next move could be devastating for AT&amp;T and Verizon: Paying off subscribers’ early termination fees if they switch from a rival carrier.
19:10:8,-1.0,-1.0,0,T-Mobile’s next move could be devastating for AT&amp;T and Verizon: Paying off subscribers’ early termination fees if they switch from a rival carrier.
19:10:8,-1.0,-1.0,0,T-Mobile’s next move could be devastating for AT&amp;T and Verizon: Paying off subscribers’ early termination fees if they switch from a rival carrier.
19:10:8,-1.0,-1.0,0,T-Mobile’s next move could be devastating for AT&amp;T and Verizon: Paying off subscribers’ early termination fees if they switch from a rival carrier.
19:10:8,-1.0,-1.0,0,T-Mobile’s next move could be devastating for AT&amp;T and Verizon: Paying off subscribers’ early termination fees if they switch from a rival carrier.
19:10:8,-1.0,-1.0,0,T-Mobile’s next move could be devastating for AT&amp;T and Verizon: Paying off subscribers’ early termination fees if they switch from a rival carrier.
19:10:8,-1.0,-1.0,0,T-Mobile’s next move could be devastating for AT&amp;T and Verizon: Paying off subscribers’ early termination fees if they switch from a rival carrier.
19:10:8,-1.0,-1.0,0,T-Mobile’s next move could be devastating for AT&amp;T and Verizon: Paying off subscribers’ early termination fees if they switch from a rival carrier.
19:10:8,-1.0,-1.0,0,T-Mobile’s next move could be devastating for AT&amp;T and Verizon: Paying off subscribers’ early termination fees if they switch from a rival carrier.
19:10:8,-1.0,-1.0,0,T-Mobile’s next move could be devastating for AT&amp;T and Verizon: Paying off subscribers’ early termination fees if they switch from a rival carrier.
19:10:8,-1.0,-1.0,0,T-Mobile’s next move could be devastating for AT&amp;T and Verizon: Paying off subscribers’ early termination fees if they switch from a rival carrier.
19:10:8,-1.0,-1.0,0,T-Mobile’s next move could be devastating for AT&amp;T and Verizon: Paying off subscribers’ early termination fees if they switch from a rival carrier.
19:10:8,-1.0,-1.0,0,T-Mobile’s next move could be devastating for AT&amp;T and Verizon: Paying off subscribers’ early termination fees if they switch from a rival carrier.
19:10:8,-1.0,-1.0,0,T-Mobile’s next move could be devastating for AT&amp;T and Verizon: Paying off subscribers’ early termination fees if they switch from a rival carrier.
19:10:9,-1.0,-1.0,0,T-Mobile’s next move could be devastating for AT&amp;T and Verizon: Paying off subscribers’ early termination fees if they switch from a rival carrier.
19:10:9,-1.0,-1.0,0,T-Mobile’s next move could be devastating for AT&amp;T and Verizon: Paying off subscribers’ early termination fees if they switch from a rival carrier.
19:10:9,-1.0,-1.0,0,T-Mobile’s next move could be devastating for AT&amp;T and Verizon: Paying off subscribers’ early termination fees if they switch from a rival carrier.
19:10:9,-1.0,-1.0,0,T-Mobile’s next move could be devastating for AT&amp;T and Verizon: Paying off subscribers’ early termination fees if they switch from a rival carrier.
19:10:9,-1.0,-1.0,0,T-Mobile’s next move could be devastating for AT&amp;T and Verizon: Paying off subscribers’ early termination fees if they switch from a rival carrier.
19:10:9,-1.0,-1.0,0,T-Mobile’s next move could be devastating for AT&amp;T and Verizon: Paying off subscribers’ early termination fees if they switch from a rival carrier.
19:10:9,-1.0,-1.0,0,T-Mobile’s next move could be devastating for AT&amp;T and Verizon: Paying off subscribers’ early termination fees if they switch from a rival carrier.
19:10:9,-1.0,-1.0,0,T-Mobile’s next move could be devastating for AT&amp;T and Verizon: Paying off subscribers’ early termination fees if they switch from a rival carrier.
19:10:9,-1.0,-1.0,0,T-Mobile’s next move could be devastating for AT&amp;T and Verizon: Paying off subscribers’ early termination fees if they switch from a rival carrier.
19:10:9,-1.0,-1.0,0,T-Mobile’s next move could be devastating for AT&amp;T and Verizon: Paying off subscribers’ early termination fees if they switch from a rival carrier.
19:10:9,-1.0,-1.0,0,T-Mobile’s next move could be devastating for AT&amp;T and Verizon: Paying off subscribers’ early termination fees if they switch from a rival carrier.
19:10:9,-1.0,-1.0,0,T-Mobile’s next move could be devastating for AT&amp;T and Verizon: Paying off subscribers’ early termination fees if they switch from a rival carrier.
19:10:9,-1.0,-1.0,0,T-Mobile’s next move could be devastating for AT&amp;T and Verizon: Paying off subscribers’ early termination fees if they switch from a rival carrier.
19:10:9,-1.0,-1.0,0,T-Mobile’s next move could be devastating for AT&amp;T and Verizon: Paying off subscribers’ early termination fees if they switch from a rival carrier.
19:10:9,-1.0,-1.0,0,T-Mobile’s next move could be devastating for AT&amp;T and Verizon: Paying off subscribers’ early termination fees if they switch from a rival carrier.
19:10:9,-1.0,-1.0,0,T-Mobile’s next move could be devastating for AT&amp;T and Verizon: Paying off subscribers’ early termination fees if they switch from a rival carrier.
19:10:9,-1.0,-1.0,0,T-Mobile’s next move could be devastating for AT&amp;T and Verizon: Paying off subscribers’ early termination fees if they switch from a rival carrier.
19:10:9,-1.0,-1.0,0,T-Mobile’s next move could be devastating for AT&amp;T and Verizon: Paying off subscribers’ early termination fees if they switch from a rival carrier.
19:10:9,-1.0,-1.0,0,T-Mobile’s next move could be devastating for AT&amp;T and Verizon: Paying off subscribers’ early termination fees if they switch from a rival carrier.
19:10:9,-1.0,-1.0,0,T-Mobile’s next move could be devastating for AT&amp;T and Verizon: Paying off subscribers’ early termination fees if they switch from a rival carrier.
19:10:9,-1.0,-1.0,0,T-Mobile’s next move could be devastating for AT&amp;T and Verizon: Paying off subscribers’ early termination fees if they switch from a rival carrier.
19:10:9,-1.0,-1.0,0,T-Mobile’s next move could be devastating for AT&amp;T and Verizon: Paying off subscribers’ early termination fees if they switch from a rival carrier.
19:10:9,-1.0,-1.0,0,T-Mobile’s next move could be devastating for AT&amp;T and Verizon: Paying off subscribers’ early termination fees if they switch from a rival carrier.
19:10:9,-1.0,-1.0,0,T-Mobile’s next move could be devastating for AT&amp;T and Verizon: Paying off subscribers’ early termination fees if they switch from a rival carrier.
19:10:10,-1.0,-1.0,0,T-Mobile’s next move could be devastating for AT&amp;T and Verizon: Paying off subscribers’ early termination fees if they switch from a rival carrier.
19:10:10,-1.0,-1.0,0,T-Mobile’s next move could be devastating for AT&amp;T and Verizon: Paying off subscribers’ early termination fees if they switch from a rival carrier.
19:10:10,-1.0,-1.0,0,T-Mobile’s next move could be devastating for AT&amp;T and Verizon: Paying off subscribers’ early termination fees if they switch from a rival carrier.
19:10:10,-1.0,-1.0,0,T-Mobile’s next move could be devastating for AT&amp;T and Verizon: Paying off subscribers’ early termination fees if they switch from a rival carrier.
19:10:10,-1.0,-1.0,0,T-Mobile’s next move could be devastating for AT&amp;T and Verizon: Paying off subscribers’ early termination fees if they switch from a rival carrier.
19:10:10,-1.0,-1.0,0,T-Mobile’s next move could be devastating for AT&amp;T and Verizon: Paying off subscribers’ early termination fees if they switch from a rival carrier.
19:10:10,-1.0,-1.0,0,T-Mobile’s next move could be devastating for AT&amp;T and Verizon: Paying off subscribers’ early termination fees if they switch from a rival carrier.
19:10:10,-1.0,-1.0,0,T-Mobile’s next move could be devastating for AT&amp;T and Verizon: Paying off subscribers’ early termination fees if they switch from a rival carrier.
19:10:10,-1.0,-1.0,0,T-Mobile’s next move could be devastating for AT&amp;T and Verizon: Paying off subscribers’ early termination fees if they switch from a rival carrier.
19:10:10,-1.0,-1.0,0,T-Mobile’s next move could be devastating for AT&amp;T and Verizon: Paying off subscribers’ early termination fees if they switch from a rival carrier.
19:10:10,-1.0,-1.0,0,T-Mobile’s next move could be devastating for AT&amp;T and Verizon: Paying off subscribers’ early termination fees if they switch from a rival carrier.
19:10:10,-1.0,-1.0,0,T-Mobile’s next move could be devastating for AT&amp;T and Verizon: Paying off subscribers’ early termination fees if they switch from a rival carrier.
19:10:10,-1.0,-1.0,0,T-Mobile’s next move could be devastating for AT&amp;T and Verizon: Paying off subscribers’ early termination fees if they switch from a rival carrier.
19:10:10,-1.0,-1.0,0,T-Mobile’s next move could be devastating for AT&amp;T and Verizon: Paying off subscribers’ early termination fees if they switch from a rival carrier.
19:10:10,-1.0,-1.0,0,T-Mobile’s next move could be devastating for AT&amp;T and Verizon: Paying off subscribers’ early termination fees if they switch from a rival carrier.
19:10:10,-1.0,-1.0,0,T-Mobile’s next move could be devastating for AT&amp;T and Verizon: Paying off subscribers’ early termination fees if they switch from a rival carrier.
19:10:10,-1.0,-1.0,0,T-Mobile’s next move could be devastating for AT&amp;T and Verizon: Paying off subscribers’ early termination fees if they switch from a rival carrier.
19:10:10,-1.0,-1.0,0,T-Mobile’s next move could be devastating for AT&amp;T and Verizon: Paying off subscribers’ early termination fees if they switch from a rival carrier.
19:10:10,-1.0,-1.0,0,T-Mobile’s next move could be devastating for AT&amp;T and Verizon: Paying off subscribers’ early termination fees if they switch from a rival carrier.
19:10:10,-1.0,-1.0,0,T-Mobile’s next move could be devastating for AT&amp;T and Verizon: Paying off subscribers’ early termination fees if they switch from a rival carrier.
19:10:10,-1.0,-1.0,0,T-Mobile’s next move could be devastating for AT&amp;T and Verizon: Paying off subscribers’ early termination fees if they switch from a rival carrier.
19:10:10,-1.0,-1.0,0,T-Mobile’s next move could be devastating for AT&amp;T and Verizon: Paying off subscribers’ early termination fees if they switch from a rival carrier.
19:10:10,-1.0,-1.0,0,T-Mobile’s next move could be devastating for AT&amp;T and Verizon: Paying off subscribers’ early termination fees if they switch from a rival carrier.
19:10:10,-1.0,-1.0,0,T-Mobile’s next move could be devastating for AT&amp;T and Verizon: Paying off subscribers’ early termination fees if they switch from a rival carrier.
19:10:11,-1.0,-1.0,0,T-Mobile’s next move could be devastating for AT&amp;T and Verizon: Paying off subscribers’ early termination fees if they switch from a rival carrier.
19:10:11,-1.0,-1.0,0,T-Mobile’s next move could be devastating for AT&amp;T and Verizon: Paying off subscribers’ early termination fees if they switch from a rival carrier.
19:10:11,-1.0,-1.0,0,T-Mobile’s next move could be devastating for AT&amp;T and Verizon: Paying off subscribers’ early termination fees if they switch from a rival carrier.
19:10:11,-1.0,-1.0,0,T-Mobile’s next move could be devastating for AT&amp;T and Verizon: Paying off subscribers’ early termination fees if they switch from a rival carrier.
19:10:11,-1.0,-1.0,0,T-Mobile’s next move could be devastating for AT&amp;T and Verizon: Paying off subscribers’ early termination fees if they switch from a rival carrier.
19:10:11,-1.0,-1.0,0,T-Mobile’s next move could be devastating for AT&amp;T and Verizon: Paying off subscribers’ early termination fees if they switch from a rival carrier.
19:10:11,-1.0,-1.0,0,T-Mobile’s next move could be devastating for AT&amp;T and Verizon: Paying off subscribers’ early termination fees if they switch from a rival carrier.
19:10:11,-1.0,-1.0,0,T-Mobile’s next move could be devastating for AT&amp;T and Verizon: Paying off subscribers’ early termination fees if they switch from a rival carrier.
19:10:11,-1.0,-1.0,0,T-Mobile’s next move could be devastating for AT&amp;T and Verizon: Paying off subscribers’ early termination fees if they switch from a rival carrier.
19:10:11,-1.0,-1.0,0,T-Mobile’s next move could be devastating for AT&amp;T and Verizon: Paying off subscribers’ early termination fees if they switch from a rival carrier.
19:10:11,-1.0,-1.0,0,T-Mobile’s next move could be devastating for AT&amp;T and Verizon: Paying off subscribers’ early termination fees if they switch from a rival carrier.
19:10:11,-1.0,-1.0,0,T-Mobile’s next move could be devastating for AT&amp;T and Verizon: Paying off subscribers’ early termination fees if they switch from a rival carrier.
19:10:11,-1.0,-1.0,0,T-Mobile’s next move could be devastating for AT&amp;T and Verizon: Paying off subscribers’ early termination fees if they switch from a rival carrier.
19:10:11,-1.0,-1.0,0,T-Mobile’s next move could be devastating for AT&amp;T and Verizon: Paying off subscribers’ early termination fees if they switch from a rival carrier.
19:10:11,-1.0,-1.0,0,T-Mobile’s next move could be devastating for AT&amp;T and Verizon: Paying off subscribers’ early termination fees if they switch from a rival carrier.
19:10:11,-1.0,-1.0,0,T-Mobile’s next move could be devastating for AT&amp;T and Verizon: Paying off subscribers’ early termination fees if they switch from a rival carrier.
19:10:11,-1.0,-1.0,0,T-Mobile’s next move could be devastating for AT&amp;T and Verizon: Paying off subscribers’ early termination fees if they switch from a rival carrier.
19:10:11,-1.0,-1.0,0,T-Mobile’s next move could be devastating for AT&amp;T and Verizon: Paying off subscribers’ early termination fees if they switch from a rival carrier.
19:10:11,-1.0,-1.0,0,T-Mobile’s next move could be devastating for AT&amp;T and Verizon: Paying off subscribers’ early termination fees if they switch from a rival carrier.
19:10:11,-1.0,-1.0,0,T-Mobile’s next move could be devastating for AT&amp;T and Verizon: Paying off subscribers’ early termination fees if they switch from a rival carrier.
19:10:11,-1.0,-1.0,0,T-Mobile’s next move could be devastating for AT&amp;T and Verizon: Paying off subscribers’ early termination fees if they switch from a rival carrier.
19:10:11,-1.0,-1.0,0,T-Mobile’s next move could be devastating for AT&amp;T and Verizon: Paying off subscribers’ early termination fees if they switch from a rival carrier.
19:10:11,-1.0,-1.0,0,T-Mobile’s next move could be devastating for AT&amp;T and Verizon: Paying off subscribers’ early termination fees if they switch from a rival carrier.
19:10:11,-1.0,-1.0,0,T-Mobile’s next move could be devastating for AT&amp;T and Verizon: Paying off subscribers’ early termination fees if they switch from a rival carrier.
19:10:12,-1.0,-1.0,0,T-Mobile’s next move could be devastating for AT&amp;T and Verizon: Paying off subscribers’ early termination fees if they switch from a rival carrier.
19:10:12,-1.0,-1.0,0,T-Mobile’s next move could be devastating for AT&amp;T and Verizon: Paying off subscribers’ early termination fees if they switch from a rival carrier.
19:10:12,-1.0,-1.0,0,T-Mobile’s next move could be devastating for AT&amp;T and Verizon: Paying off subscribers’ early termination fees if they switch from a rival carrier.
19:10:12,-1.0,-1.0,0,T-Mobile’s next move could be devastating for AT&amp;T and Verizon: Paying off subscribers’ early termination fees if they switch from a rival carrier.
19:10:12,-1.0,-1.0,0,T-Mobile’s next move could be devastating for AT&amp;T and Verizon: Paying off subscribers’ early termination fees if they switch from a rival carrier.
19:10:12,-1.0,-1.0,0,T-Mobile’s next move could be devastating for AT&amp;T and Verizon: Paying off subscribers’ early termination fees if they switch from a rival carrier.
19:10:12,-1.0,-1.0,0,T-Mobile’s next move could be devastating for AT&amp;T and Verizon: Paying off subscribers’ early termination fees if they switch from a rival carrier.
19:10:12,-1.0,-1.0,0,T-Mobile’s next move could be devastating for AT&amp;T and Verizon: Paying off subscribers’ early termination fees if they switch from a rival carrier.
19:10:12,-1.0,-1.0,0,T-Mobile’s next move could be devastating for AT&amp;T and Verizon: Paying off subscribers’ early termination fees if they switch from a rival carrier.
19:10:12,-1.0,-1.0,0,T-Mobile’s next move could be devastating for AT&amp;T and Verizon: Paying off subscribers’ early termination fees if they switch from a rival carrier.
19:10:12,-1.0,-1.0,0,T-Mobile’s next move could be devastating for AT&amp;T and Verizon: Paying off subscribers’ early termination fees if they switch from a rival carrier.
19:10:12,-1.0,-1.0,0,T-Mobile’s next move could be devastating for AT&amp;T and Verizon: Paying off subscribers’ early termination fees if they switch from a rival carrier.
19:10:12,-1.0,-1.0,0,T-Mobile’s next move could be devastating for AT&amp;T and Verizon: Paying off subscribers’ early termination fees if they switch from a rival carrier.
19:10:12,-1.0,-1.0,0,T-Mobile’s next move could be devastating for AT&amp;T and Verizon: Paying off subscribers’ early termination fees if they switch from a rival carrier.
19:10:12,-1.0,-1.0,0,T-Mobile’s next move could be devastating for AT&amp;T and Verizon: Paying off subscribers’ early termination fees if they switch from a rival carrier.
19:10:12,-1.0,-1.0,0,T-Mobile’s next move could be devastating for AT&amp;T and Verizon: Paying off subscribers’ early termination fees if they switch from a rival carrier.
19:10:12,-1.0,-1.0,0,T-Mobile’s next move could be devastating for AT&amp;T and Verizon: Paying off subscribers’ early termination fees if they switch from a rival carrier.
19:10:12,-1.0,-1.0,0,T-Mobile’s next move could be devastating for AT&amp;T and Verizon: Paying off subscribers’ early termination fees if they switch from a rival carrier.
19:10:12,-1.0,-1.0,0,T-Mobile’s next move could be devastating for AT&amp;T and Verizon: Paying off subscribers’ early termination fees if they switch from a rival carrier.
19:10:12,-1.0,-1.0,0,T-Mobile’s next move could be devastating for AT&amp;T and Verizon: Paying off subscribers’ early termination fees if they switch from a rival carrier.
19:10:12,-1.0,-1.0,0,T-Mobile’s next move could be devastating for AT&amp;T and Verizon: Paying off subscribers’ early termination fees if they switch from a rival carrier.
19:10:12,-1.0,-1.0,0,T-Mobile’s next move could be devastating for AT&amp;T and Verizon: Paying off subscribers’ early termination fees if they switch from a rival carrier.
19:10:12,-1.0,-1.0,0,T-Mobile’s next move could be devastating for AT&amp;T and Verizon: Paying off subscribers’ early termination fees if they switch from a rival carrier.
19:10:12,-1.0,-1.0,0,T-Mobile’s next move could be devastating for AT&amp;T and Verizon: Paying off subscribers’ early termination fees if they switch from a rival carrier.
19:10:13,-1.0,-1.0,0,T-Mobile’s next move could be devastating for AT&amp;T and Verizon: Paying off subscribers’ early termination fees if they switch from a rival carrier.
19:10:13,-1.0,-1.0,0,T-Mobile’s next move could be devastating for AT&amp;T and Verizon: Paying off subscribers’ early termination fees if they switch from a rival carrier.
19:10:13,-1.0,-1.0,0,T-Mobile’s next move could be devastating for AT&amp;T and Verizon: Paying off subscribers’ early termination fees if they switch from a rival carrier.
19:10:13,-1.0,-1.0,0,T-Mobile’s next move could be devastating for AT&amp;T and Verizon: Paying off subscribers’ early termination fees if they switch from a rival carrier.
19:10:13,-1.0,-1.0,0,T-Mobile’s next move could be devastating for AT&amp;T and Verizon: Paying off subscribers’ early termination fees if they switch from a rival carrier.
19:10:13,-1.0,-1.0,0,T-Mobile’s next move could be devastating for AT&amp;T and Verizon: Paying off subscribers’ early termination fees if they switch from a rival carrier.
19:10:13,-1.0,-1.0,0,T-Mobile’s next move could be devastating for AT&amp;T and Verizon: Paying off subscribers’ early termination fees if they switch from a rival carrier.
19:10:13,-1.0,-1.0,0,T-Mobile’s next move could be devastating for AT&amp;T and Verizon: Paying off subscribers’ early termination fees if they switch from a rival carrier.
19:10:13,-1.0,-1.0,0,T-Mobile’s next move could be devastating for AT&amp;T and Verizon: Paying off subscribers’ early termination fees if they switch from a rival carrier.
19:10:13,-1.0,-1.0,0,T-Mobile’s next move could be devastating for AT&amp;T and Verizon: Paying off subscribers’ early termination fees if they switch from a rival carrier.
19:10:13,-1.0,-1.0,0,T-Mobile’s next move could be devastating for AT&amp;T and Verizon: Paying off subscribers’ early termination fees if they switch from a rival carrier.
19:10:13,-1.0,-1.0,0,T-Mobile’s next move could be devastating for AT&amp;T and Verizon: Paying off subscribers’ early termination fees if they switch from a rival carrier.
19:10:13,-1.0,-1.0,0,T-Mobile’s next move could be devastating for AT&amp;T and Verizon: Paying off subscribers’ early termination fees if they switch from a rival carrier.
19:10:13,-1.0,-1.0,0,T-Mobile’s next move could be devastating for AT&amp;T and Verizon: Paying off subscribers’ early termination fees if they switch from a rival carrier.
19:10:13,-1.0,-1.0,0,T-Mobile’s next move could be devastating for AT&amp;T and Verizon: Paying off subscribers’ early termination fees if they switch from a rival carrier.
19:10:13,-1.0,-1.0,0,T-Mobile’s next move could be devastating for AT&amp;T and Verizon: Paying off subscribers’ early termination fees if they switch from a rival carrier.
19:10:13,-1.0,-1.0,-1,
19:10:13,-1.0,-1.0,-1,
19:10:13,-1.0,-1.0,-1,
19:10:13,-1.0,-1.0,-1,
19:10:13,-1.0,-1.0,-1,
19:10:13,-1.0,-1.0,-1,
19:10:13,-1.0,-1.0,-1,
19:10:13,-1.0,-1.0,-1,
19:10:14,-1.0,-1.0,-1,
19:10:14,-1.0,-1.0,-1,
19:10:14,-1.0,-1.0,-1,
19:10:14,-1.0,-1.0,-1,
19:10:14,-1.0,-1.0,-1,
19:10:14,-1.0,-1.0,-1,
19:10:14,-1.0,-1.0,-1,
19:10:14,-1.0,-1.0,-1,
19:10:14,-1.0,-1.0,-1,
19:10:14,-1.0,-1.0,-1,
19:10:14,-1.0,-1.0,-1,
19:10:14,-1.0,-1.0,-1,
19:10:14,-1.0,-1.0,-1,
19:10:14,-1.0,-1.0,-1,
19:10:14,-1.0,-1.0,-1,
19:10:14,-1.0,-1.0,-1,
19:10:14,-1.0,-1.0,1,The Supreme Court of Canada has struck down the country's anti-prostitution laws in a unanimous decision.
19:10:14,-1.0,-1.0,1,The Supreme Court of Canada has struck down the country's anti-prostitution laws in a unanimous decision.
19:10:14,-1.0,-1.0,1,The Supreme Court of Canada has struck down the country's anti-prostitution laws in a unanimous decision.
19:10:14,-1.0,-1.0,1,The Supreme Court of Canada has struck down the country's anti-prostitution laws in a unanimous decision.
19:10:14,-1.0,-1.0,1,The Supreme Court of Canada has struck down the country's anti-prostitution laws in a unanimous decision.
19:10:14,-1.0,-1.0,1,The Supreme Court of Canada has struck down the country's anti-prostitution laws in a unanimous decision.
19:10:14,-1.0,-1.0,1,The Supreme Court of Canada has struck down the country's anti-prostitution laws in a unanimous decision.
19:10:14,-1.0,-1.0,1,The Supreme Court of Canada has struck down the country's anti-prostitution laws in a unanimous decision.
19:10:15,-1.0,-1.0,1,The Supreme Court of Canada has struck down the country's anti-prostitution laws in a unanimous decision.
19:10:15,-1.0,-1.0,1,The Supreme Court of Canada has struck down the country's anti-prostitution laws in a unanimous decision.
19:10:15,-1.0,-1.0,1,The Supreme Court of Canada has struck down the country's anti-prostitution laws in a unanimous decision.
19:10:15,-1.0,-1.0,1,The Supreme Court of Canada has struck down the country's anti-prostitution laws in a unanimous decision.
19:10:15,-1.0,-1.0,1,The Supreme Court of Canada has struck down the country's anti-prostitution laws in a unanimous decision.
19:10:15,-1.0,-1.0,1,The Supreme Court of Canada has struck down the country's anti-prostitution laws in a unanimous decision.
19:10:15,-1.0,-1.0,1,The Supreme Court of Canada has struck down the country's anti-prostitution laws in a unanimous decision.
19:10:15,-1.0,-1.0,1,The Supreme Court of Canada has struck down the country's anti-prostitution laws in a unanimous decision.
19:10:15,-1.0,-1.0,1,The Supreme Court of Canada has struck down the country's anti-prostitution laws in a unanimous decision.
19:10:15,-1.0,-1.0,1,The Supreme Court of Canada has struck down the country's anti-prostitution laws in a unanimous decision.
19:10:15,-1.0,-1.0,1,The Supreme Court of Canada has struck down the country's anti-prostitution laws in a unanimous decision.
19:10:15,-1.0,-1.0,1,The Supreme Court of Canada has struck down the country's anti-prostitution laws in a unanimous decision.
19:10:15,-1.0,-1.0,1,The Supreme Court of Canada has struck down the country's anti-prostitution laws in a unanimous decision.
19:10:15,-1.0,-1.0,1,The Supreme Court of Canada has struck down the country's anti-prostitution laws in a unanimous decision.
19:10:15,-1.0,-1.0,1,The Supreme Court of Canada has struck down the country's anti-prostitution laws in a unanimous decision.
19:10:15,-1.0,-1.0,1,The Supreme Court of Canada has struck down the country's anti-prostitution laws in a unanimous decision.
19:10:15,-1.0,-1.0,1,The Supreme Court of Canada has struck down the country's anti-prostitution laws in a unanimous decision.
19:10:15,-1.0,-1.0,1,The Supreme Court of Canada has struck down the country's anti-prostitution laws in a unanimous decision.
19:10:15,-1.0,-1.0,1,The Supreme Court of Canada has struck down the country's anti-prostitution laws in a unanimous decision.
19:10:15,-1.0,-1.0,1,The Supreme Court of Canada has struck down the country's anti-prostitution laws in a unanimous decision.
19:10:15,-1.0,-1.0,1,The Supreme Court of Canada has struck down the country's anti-prostitution laws in a unanimous decision.
19:10:15,-1.0,-1.0,1,The Supreme Court of Canada has struck down the country's anti-prostitution laws in a unanimous decision.
19:10:15,-1.0,-1.0,1,The Supreme Court of Canada has struck down the country's anti-prostitution laws in a unanimous decision.
19:10:16,-1.0,-1.0,1,The Supreme Court of Canada has struck down the country's anti-prostitution laws in a unanimous decision.
19:10:16,-1.0,-1.0,1,The Supreme Court of Canada has struck down the country's anti-prostitution laws in a unanimous decision.
19:10:16,-1.0,-1.0,1,The Supreme Court of Canada has struck down the country's anti-prostitution laws in a unanimous decision.
19:10:16,-1.0,-1.0,1,The Supreme Court of Canada has struck down the country's anti-prostitution laws in a unanimous decision.
19:10:16,-1.0,-1.0,1,The Supreme Court of Canada has struck down the country's anti-prostitution laws in a unanimous decision.
19:10:16,-1.0,-1.0,1,The Supreme Court of Canada has struck down the country's anti-prostitution laws in a unanimous decision.
19:10:16,-1.0,-1.0,1,The Supreme Court of Canada has struck down the country's anti-prostitution laws in a unanimous decision.
19:10:16,-1.0,-1.0,1,The Supreme Court of Canada has struck down the country's anti-prostitution laws in a unanimous decision.
19:10:16,-1.0,-1.0,1,The Supreme Court of Canada has struck down the country's anti-prostitution laws in a unanimous decision.
19:10:16,-1.0,-1.0,1,The Supreme Court of Canada has struck down the country's anti-prostitution laws in a unanimous decision.
19:10:16,-1.0,-1.0,1,The Supreme Court of Canada has struck down the country's anti-prostitution laws in a unanimous decision.
19:10:16,-1.0,-1.0,1,The Supreme Court of Canada has struck down the country's anti-prostitution laws in a unanimous decision.
19:10:16,-1.0,-1.0,1,The Supreme Court of Canada has struck down the country's anti-prostitution laws in a unanimous decision.
19:10:16,-1.0,-1.0,1,The Supreme Court of Canada has struck down the country's anti-prostitution laws in a unanimous decision.
19:10:16,-1.0,-1.0,1,The Supreme Court of Canada has struck down the country's anti-prostitution laws in a unanimous decision.
19:10:16,-1.0,-1.0,1,The Supreme Court of Canada has struck down the country's anti-prostitution laws in a unanimous decision.
19:10:16,-1.0,-1.0,1,The Supreme Court of Canada has struck down the country's anti-prostitution laws in a unanimous decision.
19:10:16,-1.0,-1.0,1,The Supreme Court of Canada has struck down the country's anti-prostitution laws in a unanimous decision.
19:10:16,-1.0,-1.0,1,The Supreme Court of Canada has struck down the country's anti-prostitution laws in a unanimous decision.
19:10:16,-1.0,-1.0,1,The Supreme Court of Canada has struck down the country's anti-prostitution laws in a unanimous decision.
19:10:16,-1.0,-1.0,1,The Supreme Court of Canada has struck down the country's anti-prostitution laws in a unanimous decision.
19:10:16,-1.0,-1.0,1,The Supreme Court of Canada has struck down the country's anti-prostitution laws in a unanimous decision.
19:10:16,-1.0,-1.0,1,The Supreme Court of Canada has struck down the country's anti-prostitution laws in a unanimous decision.
19:10:16,-1.0,-1.0,1,The Supreme Court of Canada has struck down the country's anti-prostitution laws in a unanimous decision.
19:10:17,-1.0,-1.0,1,The Supreme Court of Canada has struck down the country's anti-prostitution laws in a unanimous decision.
19:10:17,-1.0,-1.0,1,The Supreme Court of Canada has struck down the country's anti-prostitution laws in a unanimous decision.
19:10:17,-1.0,-1.0,1,The Supreme Court of Canada has struck down the country's anti-prostitution laws in a unanimous decision.
19:10:17,-1.0,-1.0,1,The Supreme Court of Canada has struck down the country's anti-prostitution laws in a unanimous decision.
19:10:17,-1.0,-1.0,1,The Supreme Court of Canada has struck down the country's anti-prostitution laws in a unanimous decision.
19:10:17,-1.0,-1.0,1,The Supreme Court of Canada has struck down the country's anti-prostitution laws in a unanimous decision.
19:10:17,-1.0,-1.0,1,The Supreme Court of Canada has struck down the country's anti-prostitution laws in a unanimous decision.
19:10:17,-1.0,-1.0,1,The Supreme Court of Canada has struck down the country's anti-prostitution laws in a unanimous decision.
19:10:17,-1.0,-1.0,1,The Supreme Court of Canada has struck down the country's anti-prostitution laws in a unanimous decision.
19:10:17,-1.0,-1.0,1,The Supreme Court of Canada has struck down the country's anti-prostitution laws in a unanimous decision.
19:10:17,-1.0,-1.0,1,The Supreme Court of Canada has struck down the country's anti-prostitution laws in a unanimous decision.
19:10:17,-1.0,-1.0,1,The Supreme Court of Canada has struck down the country's anti-prostitution laws in a unanimous decision.
19:10:17,-1.0,-1.0,1,The Supreme Court of Canada has struck down the country's anti-prostitution laws in a unanimous decision.
19:10:17,-1.0,-1.0,1,The Supreme Court of Canada has struck down the country's anti-prostitution laws in a unanimous decision.
19:10:17,-1.0,-1.0,1,The Supreme Court of Canada has struck down the country's anti-prostitution laws in a unanimous decision.
19:10:17,-1.0,-1.0,1,The Supreme Court of Canada has struck down the country's anti-prostitution laws in a unanimous decision.
19:10:17,-1.0,-1.0,1,The Supreme Court of Canada has struck down the country's anti-prostitution laws in a unanimous decision.
19:10:17,-1.0,-1.0,1,The Supreme Court of Canada has struck down the country's anti-prostitution laws in a unanimous decision.
19:10:17,-1.0,-1.0,1,The Supreme Court of Canada has struck down the country's anti-prostitution laws in a unanimous decision.
19:10:17,-1.0,-1.0,1,The Supreme Court of Canada has struck down the country's anti-prostitution laws in a unanimous decision.
19:10:17,-1.0,-1.0,1,The Supreme Court of Canada has struck down the country's anti-prostitution laws in a unanimous decision.
19:10:17,-1.0,-1.0,1,The Supreme Court of Canada has struck down the country's anti-prostitution laws in a unanimous decision.
19:10:17,-1.0,-1.0,1,The Supreme Court of Canada has struck down the country's anti-prostitution laws in a unanimous decision.
19:10:17,-1.0,-1.0,1,The Supreme Court of Canada has struck down the country's anti-prostitution laws in a unanimous decision.
19:10:18,-1.0,-1.0,1,The Supreme Court of Canada has struck down the country's anti-prostitution laws in a unanimous decision.
19:10:18,-1.0,-1.0,1,The Supreme Court of Canada has struck down the country's anti-prostitution laws in a unanimous decision.
19:10:18,-1.0,-1.0,1,The Supreme Court of Canada has struck down the country's anti-prostitution laws in a unanimous decision.
19:10:18,-1.0,-1.0,1,The Supreme Court of Canada has struck down the country's anti-prostitution laws in a unanimous decision.
19:10:18,-1.0,-1.0,1,The Supreme Court of Canada has struck down the country's anti-prostitution laws in a unanimous decision.
19:10:18,-1.0,-1.0,1,The Supreme Court of Canada has struck down the country's anti-prostitution laws in a unanimous decision.
19:10:18,-1.0,-1.0,1,The Supreme Court of Canada has struck down the country's anti-prostitution laws in a unanimous decision.
19:10:18,-1.0,-1.0,1,The Supreme Court of Canada has struck down the country's anti-prostitution laws in a unanimous decision.
19:10:18,-1.0,-1.0,1,The Supreme Court of Canada has struck down the country's anti-prostitution laws in a unanimous decision.
19:10:18,-1.0,-1.0,1,The Supreme Court of Canada has struck down the country's anti-prostitution laws in a unanimous decision.
19:10:18,-1.0,-1.0,1,The Supreme Court of Canada has struck down the country's anti-prostitution laws in a unanimous decision.
19:10:18,-1.0,-1.0,1,The Supreme Court of Canada has struck down the country's anti-prostitution laws in a unanimous decision.
19:10:18,-1.0,-1.0,1,The Supreme Court of Canada has struck down the country's anti-prostitution laws in a unanimous decision.
19:10:18,-1.0,-1.0,1,The Supreme Court of Canada has struck down the country's anti-prostitution laws in a unanimous decision.
19:10:18,-1.0,-1.0,1,The Supreme Court of Canada has struck down the country's anti-prostitution laws in a unanimous decision.
19:10:18,-1.0,-1.0,1,The Supreme Court of Canada has struck down the country's anti-prostitution laws in a unanimous decision.
19:10:18,-1.0,-1.0,1,The Supreme Court of Canada has struck down the country's anti-prostitution laws in a unanimous decision.
19:10:18,-1.0,-1.0,1,The Supreme Court of Canada has struck down the country's anti-prostitution laws in a unanimous decision.
19:10:18,-1.0,-1.0,1,The Supreme Court of Canada has struck down the country's anti-prostitution laws in a unanimous decision.
19:10:18,-1.0,-1.0,1,The Supreme Court of Canada has struck down the country's anti-prostitution laws in a unanimous decision.
19:10:18,-1.0,-1.0,1,The Supreme Court of Canada has struck down the country's anti-prostitution laws in a unanimous decision.
19:10:18,-1.0,-1.0,1,The Supreme Court of Canada has struck down the country's anti-prostitution laws in a unanimous decision.
19:10:18,-1.0,-1.0,1,The Supreme Court of Canada has struck down the country's anti-prostitution laws in a unanimous decision.
19:10:18,-1.0,-1.0,1,The Supreme Court of Canada has struck down the country's anti-prostitution laws in a unanimous decision.
19:10:18,-1.0,-1.0,-1,
19:10:19,-1.0,-1.0,-1,
19:10:19,-1.0,-1.0,-1,
19:10:19,-1.0,-1.0,-1,
19:10:19,-1.0,-1.0,-1,
19:10:19,-1.0,-1.0,-1,
19:10:19,-1.0,-1.0,-1,
19:10:19,-1.0,-1.0,-1,
19:10:19,-1.0,-1.0,-1,
19:10:19,-1.0,-1.0,-1,
19:10:19,-1.0,-1.0,-1,
19:10:19,-1.0,-1.0,-1,
19:10:19,-1.0,-1.0,-1,
19:10:19,-1.0,-1.0,-1,
19:10:19,-1.0,-1.0,-1,
19:10:19,-1.0,-1.0,-1,
19:10:19,-1.0,-1.0,-1,
19:10:19,-1.0,-1.0,-1,
19:10:19,-1.0,-1.0,-1,
19:10:19,-1.0,-1.0,-1,
19:10:19,-1.0,-1.0,-1,
19:10:19,-1.0,-1.0,-1,
19:10:19,-1.0,-1.0,-1,
19:10:19,-1.0,-1.0,-1,
19:10:20,-1.0,-1.0,2,Woman billed after vaginal, anal exams in El Paso drug search
19:10:20,-1.0,-1.0,2,Woman billed after vaginal, anal exams in El Paso drug search
19:10:20,-1.0,-1.0,2,Woman billed after vaginal, anal exams in El Paso drug search
19:10:20,-1.0,-1.0,2,Woman billed after vaginal, anal exams in El Paso drug search
19:10:20,-1.0,-1.0,2,Woman billed after vaginal, anal exams in El Paso drug search
19:10:20,-1.0,-1.0,2,Woman billed after vaginal, anal exams in El Paso drug search
19:10:20,-1.0,-1.0,2,Woman billed after vaginal, anal exams in El Paso drug search
19:10:20,-1.0,-1.0,2,Woman billed after vaginal, anal exams in El Paso drug search
19:10:20,-1.0,-1.0,2,Woman billed after vaginal, anal exams in El Paso drug search
19:10:20,-1.0,-1.0,2,Woman billed after vaginal, anal exams in El Paso drug search
19:10:20,-1.0,-1.0,2,Woman billed after vaginal, anal exams in El Paso drug search
19:10:20,-1.0,-1.0,2,Woman billed after vaginal, anal exams in El Paso drug search
19:10:20,-1.0,-1.0,2,Woman billed after vaginal, anal exams in El Paso drug search
19:10:20,-1.0,-1.0,2,Woman billed after vaginal, anal exams in El Paso drug search
19:10:20,-1.0,-1.0,2,Woman billed after vaginal, anal exams in El Paso drug search
19:10:20,-1.0,-1.0,2,Woman billed after vaginal, anal exams in El Paso drug search
19:10:20,-1.0,-1.0,2,Woman billed after vaginal, anal exams in El Paso drug search
19:10:20,-1.0,-1.0,2,Woman billed after vaginal, anal exams in El Paso drug search
19:10:20,-1.0,-1.0,2,Woman billed after vaginal, anal exams in El Paso drug search
19:10:20,-1.0,-1.0,2,Woman billed after vaginal, anal exams in El Paso drug search
19:10:20,-1.0,-1.0,2,Woman billed after vaginal, anal exams in El Paso drug search
19:10:20,-1.0,-1.0,2,Woman billed after vaginal, anal exams in El Paso drug search
19:10:20,-1.0,-1.0,2,Woman billed after vaginal, anal exams in El Paso drug search
19:10:20,-1.0,-1.0,2,Woman billed after vaginal, anal exams in El Paso drug search
19:10:20,-1.0,-1.0,2,Woman billed after vaginal, anal exams in El Paso drug search
19:10:21,-1.0,-1.0,2,Woman billed after vaginal, anal exams in El Paso drug search
19:10:21,-1.0,-1.0,2,Woman billed after vaginal, anal exams in El Paso drug search
19:10:21,-1.0,-1.0,2,Woman billed after vaginal, anal exams in El Paso drug search
19:10:21,-1.0,-1.0,2,Woman billed after vaginal, anal exams in El Paso drug search
19:10:21,-1.0,-1.0,2,Woman billed after vaginal, anal exams in El Paso drug search
19:10:21,-1.0,-1.0,2,Woman billed after vaginal, anal exams in El Paso drug search
19:10:21,-1.0,-1.0,2,Woman billed after vaginal, anal exams in El Paso drug search
19:10:21,-1.0,-1.0,2,Woman billed after vaginal, anal exams in El Paso drug search
19:10:21,-1.0,-1.0,2,Woman billed after vaginal, anal exams in El Paso drug search
19:10:21,-1.0,-1.0,2,Woman billed after vaginal, anal exams in El Paso drug search
19:10:21,-1.0,-1.0,2,Woman billed after vaginal, anal exams in El Paso drug search
19:10:21,-1.0,-1.0,2,Woman billed after vaginal, anal exams in El Paso drug search
19:10:21,-1.0,-1.0,2,Woman billed after vaginal, anal exams in El Paso drug search
19:10:21,-1.0,-1.0,2,Woman billed after vaginal, anal exams in El Paso drug search
19:10:21,-1.0,-1.0,2,Woman billed after vaginal, anal exams in El Paso drug search
19:10:21,-1.0,-1.0,2,Woman billed after vaginal, anal exams in El Paso drug search
19:10:21,-1.0,-1.0,2,Woman billed after vaginal, anal exams in El Paso drug search
19:10:21,-1.0,-1.0,2,Woman billed after vaginal, anal exams in El Paso drug search
19:10:21,-1.0,-1.0,2,Woman billed after vaginal, anal exams in El Paso drug search
19:10:21,-1.0,-1.0,2,Woman billed after vaginal, anal exams in El Paso drug search
19:10:21,-1.0,-1.0,2,Woman billed after vaginal, anal exams in El Paso drug search
19:10:21,-1.0,-1.0,2,Woman billed after vaginal, anal exams in El Paso drug search
19:10:21,-1.0,-1.0,2,Woman billed after vaginal, anal exams in El Paso drug search
19:10:22,-1.0,-1.0,2,Woman billed after vaginal, anal exams in El Paso drug search
19:10:22,-1.0,-1.0,2,Woman billed after vaginal, anal exams in El Paso drug search
19:10:22,-1.0,-1.0,-1,
19:10:22,-1.0,-1.0,-1,
19:10:22,-1.0,-1.0,-1,
19:10:22,-1.0,-1.0,-1,
19:10:22,-1.0,-1.0,-1,
19:10:22,-1.0,-1.0,-1,
19:10:22,-1.0,-1.0,-1,
19:10:22,-1.0,-1.0,-1,
19:10:22,-1.0,-1.0,-1,
19:10:22,-1.0,-1.0,-1,
19:10:22,-1.0,-1.0,-1,
19:10:22,-1.0,-1.0,-1,
19:10:22,-1.0,-1.0,-1,
19:10:22,-1.0,-1.0,-1,
19:10:22,-1.0,-1.0,-1,
19:10:22,-1.0,-1.0,-1,
19:10:22,-1.0,-1.0,-1,
19:10:22,-1.0,-1.0,-1,
19:10:22,-1.0,-1.0,-1,
19:10:22,-1.0,-1.0,-1,
19:10:23,-1.0,-1.0,-1,
19:10:23,-1.0,-1.0,-1,
19:10:23,-1.0,-1.0,3,TIL a natural gas vent in Iraq known as The Eternal Fire has been burning continuously for over 4,000 years, and is mentioned by Herodotus, Plutarch, and in the Old Testament's Book of Daniel
19:10:23,-1.0,-1.0,3,TIL a natural gas vent in Iraq known as The Eternal Fire has been burning continuously for over 4,000 years, and is mentioned by Herodotus, Plutarch, and in the Old Testament's Book of Daniel
19:10:23,-1.0,-1.0,3,TIL a natural gas vent in Iraq known as The Eternal Fire has been burning continuously for over 4,000 years, and is mentioned by Herodotus, Plutarch, and in the Old Testament's Book of Daniel
19:10:23,-1.0,-1.0,3,TIL a natural gas vent in Iraq known as The Eternal Fire has been burning continuously for over 4,000 years, and is mentioned by Herodotus, Plutarch, and in the Old Testament's Book of Daniel
19:10:23,-1.0,-1.0,3,TIL a natural gas vent in Iraq known as The Eternal Fire has been burning continuously for over 4,000 years, and is mentioned by Herodotus, Plutarch, and in the Old Testament's Book of Daniel
19:10:23,-1.0,-1.0,3,TIL a natural gas vent in Iraq known as The Eternal Fire has been burning continuously for over 4,000 years, and is mentioned by Herodotus, Plutarch, and in the Old Testament's Book of Daniel
19:10:23,-1.0,-1.0,3,TIL a natural gas vent in Iraq known as The Eternal Fire has been burning continuously for over 4,000 years, and is mentioned by Herodotus, Plutarch, and in the Old Testament's Book of Daniel
19:10:23,-1.0,-1.0,3,TIL a natural gas vent in Iraq known as The Eternal Fire has been burning continuously for over 4,000 years, and is mentioned by Herodotus, Plutarch, and in the Old Testament's Book of Daniel
19:10:23,-1.0,-1.0,3,TIL a natural gas vent in Iraq known as The Eternal Fire has been burning continuously for over 4,000 years, and is mentioned by Herodotus, Plutarch, and in the Old Testament's Book of Daniel
19:10:23,-1.0,-1.0,3,TIL a natural gas vent in Iraq known as The Eternal Fire has been burning continuously for over 4,000 years, and is mentioned by Herodotus, Plutarch, and in the Old Testament's Book of Daniel
19:10:23,-1.0,-1.0,3,TIL a natural gas vent in Iraq known as The Eternal Fire has been burning continuously for over 4,000 years, and is mentioned by Herodotus, Plutarch, and in the Old Testament's Book of Daniel
19:10:23,-1.0,-1.0,3,TIL a natural gas vent in Iraq known as The Eternal Fire has been burning continuously for over 4,000 years, and is mentioned by Herodotus, Plutarch, and in the Old Testament's Book of Daniel
19:10:23,-1.0,-1.0,3,TIL a natural gas vent in Iraq known as The Eternal Fire has been burning continuously for over 4,000 years, and is mentioned by Herodotus, Plutarch, and in the Old Testament's Book of Daniel
19:10:23,-1.0,-1.0,3,TIL a natural gas vent in Iraq known as The Eternal Fire has been burning continuously for over 4,000 years, and is mentioned by Herodotus, Plutarch, and in the Old Testament's Book of Daniel
19:10:23,-1.0,-1.0,3,TIL a natural gas vent in Iraq known as The Eternal Fire has been burning continuously for over 4,000 years, and is mentioned by Herodotus, Plutarch, and in the Old Testament's Book of Daniel
19:10:23,-1.0,-1.0,3,TIL a natural gas vent in Iraq known as The Eternal Fire has been burning continuously for over 4,000 years, and is mentioned by Herodotus, Plutarch, and in the Old Testament's Book of Daniel
19:10:23,-1.0,-1.0,3,TIL a natural gas vent in Iraq known as The Eternal Fire has been burning continuously for over 4,000 years, and is mentioned by Herodotus, Plutarch, and in the Old Testament's Book of Daniel
19:10:23,-1.0,-1.0,3,TIL a natural gas vent in Iraq known as The Eternal Fire has been burning continuously for over 4,000 years, and is mentioned by Herodotus, Plutarch, and in the Old Testament's Book of Daniel
19:10:23,-1.0,-1.0,3,TIL a natural gas vent in Iraq known as The Eternal Fire has been burning continuously for over 4,000 years, and is mentioned by Herodotus, Plutarch, and in the Old Testament's Book of Daniel
19:10:23,-1.0,-1.0,3,TIL a natural gas vent in Iraq known as The Eternal Fire has been burning continuously for over 4,000 years, and is mentioned by Herodotus, Plutarch, and in the Old Testament's Book of Daniel
19:10:23,-1.0,-1.0,3,TIL a natural gas vent in Iraq known as The Eternal Fire has been burning continuously for over 4,000 years, and is mentioned by Herodotus, Plutarch, and in the Old Testament's Book of Daniel
19:10:24,-1.0,-1.0,3,TIL a natural gas vent in Iraq known as The Eternal Fire has been burning continuously for over 4,000 years, and is mentioned by Herodotus, Plutarch, and in the Old Testament's Book of Daniel
19:10:24,-1.0,-1.0,3,TIL a natural gas vent in Iraq known as The Eternal Fire has been burning continuously for over 4,000 years, and is mentioned by Herodotus, Plutarch, and in the Old Testament's Book of Daniel
19:10:24,-1.0,-1.0,3,TIL a natural gas vent in Iraq known as The Eternal Fire has been burning continuously for over 4,000 years, and is mentioned by Herodotus, Plutarch, and in the Old Testament's Book of Daniel
19:10:24,-1.0,-1.0,3,TIL a natural gas vent in Iraq known as The Eternal Fire has been burning continuously for over 4,000 years, and is mentioned by Herodotus, Plutarch, and in the Old Testament's Book of Daniel
19:10:24,-1.0,-1.0,3,TIL a natural gas vent in Iraq known as The Eternal Fire has been burning continuously for over 4,000 years, and is mentioned by Herodotus, Plutarch, and in the Old Testament's Book of Daniel
19:10:24,-1.0,-1.0,3,TIL a natural gas vent in Iraq known as The Eternal Fire has been burning continuously for over 4,000 years, and is mentioned by Herodotus, Plutarch, and in the Old Testament's Book of Daniel
19:10:24,-1.0,-1.0,3,TIL a natural gas vent in Iraq known as The Eternal Fire has been burning continuously for over 4,000 years, and is mentioned by Herodotus, Plutarch, and in the Old Testament's Book of Daniel
19:10:24,-1.0,-1.0,3,TIL a natural gas vent in Iraq known as The Eternal Fire has been burning continuously for over 4,000 years, and is mentioned by Herodotus, Plutarch, and in the Old Testament's Book of Daniel
19:10:24,-1.0,-1.0,3,TIL a natural gas vent in Iraq known as The Eternal Fire has been burning continuously for over 4,000 years, and is mentioned by Herodotus, Plutarch, and in the Old Testament's Book of Daniel
19:10:24,-1.0,-1.0,3,TIL a natural gas vent in Iraq known as The Eternal Fire has been burning continuously for over 4,000 years, and is mentioned by Herodotus, Plutarch, and in the Old Testament's Book of Daniel
19:10:24,-1.0,-1.0,3,TIL a natural gas vent in Iraq known as The Eternal Fire has been burning continuously for over 4,000 years, and is mentioned by Herodotus, Plutarch, and in the Old Testament's Book of Daniel
19:10:24,-1.0,-1.0,3,TIL a natural gas vent in Iraq known as The Eternal Fire has been burning continuously for over 4,000 years, and is mentioned by Herodotus, Plutarch, and in the Old Testament's Book of Daniel
19:10:24,-1.0,-1.0,3,TIL a natural gas vent in Iraq known as The Eternal Fire has been burning continuously for over 4,000 years, and is mentioned by Herodotus, Plutarch, and in the Old Testament's Book of Daniel
19:10:24,-1.0,-1.0,3,TIL a natural gas vent in Iraq known as The Eternal Fire has been burning continuously for over 4,000 years, and is mentioned by Herodotus, Plutarch, and in the Old Testament's Book of Daniel
19:10:24,-1.0,-1.0,3,TIL a natural gas vent in Iraq known as The Eternal Fire has been burning continuously for over 4,000 years, and is mentioned by Herodotus, Plutarch, and in the Old Testament's Book of Daniel
19:10:24,-1.0,-1.0,3,TIL a natural gas vent in Iraq known as The Eternal Fire has been burning continuously for over 4,000 years, and is mentioned by Herodotus, Plutarch, and in the Old Testament's Book of Daniel
19:10:24,-1.0,-1.0,3,TIL a natural gas vent in Iraq known as The Eternal Fire has been burning continuously for over 4,000 years, and is mentioned by Herodotus, Plutarch, and in the Old Testament's Book of Daniel
19:10:24,-1.0,-1.0,3,TIL a natural gas vent in Iraq known as The Eternal Fire has been burning continuously for over 4,000 years, and is mentioned by Herodotus, Plutarch, and in the Old Testament's Book of Daniel
19:10:24,-1.0,-1.0,3,TIL a natural gas vent in Iraq known as The Eternal Fire has been burning continuously for over 4,000 years, and is mentioned by Herodotus, Plutarch, and in the Old Testament's Book of Daniel
19:10:24,-1.0,-1.0,3,TIL a natural gas vent in Iraq known as The Eternal Fire has been burning continuously for over 4,000 years, and is mentioned by Herodotus, Plutarch, and in the Old Testament's Book of Daniel
19:10:24,-1.0,-1.0,3,TIL a natural gas vent in Iraq known as The Eternal Fire has been burning continuously for over 4,000 years, and is mentioned by Herodotus, Plutarch, and in the Old Testament's Book of Daniel
19:10:24,-1.0,-1.0,3,TIL a natural gas vent in Iraq known as The Eternal Fire has been burning continuously for over 4,000 years, and is mentioned by Herodotus, Plutarch, and in the Old Testament's Book of Daniel
19:10:24,-1.0,-1.0,3,TIL a natural gas vent in Iraq known as The Eternal Fire has been burning continuously for over 4,000 years, and is mentioned by Herodotus, Plutarch, and in the Old Testament's Book of Daniel
19:10:24,-1.0,-1.0,3,TIL a natural gas vent in Iraq known as The Eternal Fire has been burning continuously for over 4,000 years, and is mentioned by Herodotus, Plutarch, and in the Old Testament's Book of Daniel
19:10:25,-1.0,-1.0,3,TIL a natural gas vent in Iraq known as The Eternal Fire has been burning continuously for over 4,000 years, and is mentioned by Herodotus, Plutarch, and in the Old Testament's Book of Daniel
19:10:25,-1.0,-1.0,3,TIL a natural gas vent in Iraq known as The Eternal Fire has been burning continuously for over 4,000 years, and is mentioned by Herodotus, Plutarch, and in the Old Testament's Book of Daniel
19:10:25,-1.0,-1.0,3,TIL a natural gas vent in Iraq known as The Eternal Fire has been burning continuously for over 4,000 years, and is mentioned by Herodotus, Plutarch, and in the Old Testament's Book of Daniel
19:10:25,-1.0,-1.0,3,TIL a natural gas vent in Iraq known as The Eternal Fire has been burning continuously for over 4,000 years, and is mentioned by Herodotus, Plutarch, and in the Old Testament's Book of Daniel
19:10:25,-1.0,-1.0,3,TIL a natural gas vent in Iraq known as The Eternal Fire has been burning continuously for over 4,000 years, and is mentioned by Herodotus, Plutarch, and in the Old Testament's Book of Daniel
19:10:25,-1.0,-1.0,3,TIL a natural gas vent in Iraq known as The Eternal Fire has been burning continuously for over 4,000 years, and is mentioned by Herodotus, Plutarch, and in the Old Testament's Book of Daniel
19:10:25,-1.0,-1.0,3,TIL a natural gas vent in Iraq known as The Eternal Fire has been burning continuously for over 4,000 years, and is mentioned by Herodotus, Plutarch, and in the Old Testament's Book of Daniel
19:10:25,-1.0,-1.0,3,TIL a natural gas vent in Iraq known as The Eternal Fire has been burning continuously for over 4,000 years, and is mentioned by Herodotus, Plutarch, and in the Old Testament's Book of Daniel
19:10:25,-1.0,-1.0,3,TIL a natural gas vent in Iraq known as The Eternal Fire has been burning continuously for over 4,000 years, and is mentioned by Herodotus, Plutarch, and in the Old Testament's Book of Daniel
19:10:25,-1.0,-1.0,3,TIL a natural gas vent in Iraq known as The Eternal Fire has been burning continuously for over 4,000 years, and is mentioned by Herodotus, Plutarch, and in the Old Testament's Book of Daniel
19:10:25,-1.0,-1.0,3,TIL a natural gas vent in Iraq known as The Eternal Fire has been burning continuously for over 4,000 years, and is mentioned by Herodotus, Plutarch, and in the Old Testament's Book of Daniel
19:10:25,-1.0,-1.0,3,TIL a natural gas vent in Iraq known as The Eternal Fire has been burning continuously for over 4,000 years, and is mentioned by Herodotus, Plutarch, and in the Old Testament's Book of Daniel
19:10:25,-1.0,-1.0,3,TIL a natural gas vent in Iraq known as The Eternal Fire has been burning continuously for over 4,000 years, and is mentioned by Herodotus, Plutarch, and in the Old Testament's Book of Daniel
19:10:25,-1.0,-1.0,3,TIL a natural gas vent in Iraq known as The Eternal Fire has been burning continuously for over 4,000 years, and is mentioned by Herodotus, Plutarch, and in the Old Testament's Book of Daniel
19:10:25,-1.0,-1.0,3,TIL a natural gas vent in Iraq known as The Eternal Fire has been burning continuously for over 4,000 years, and is mentioned by Herodotus, Plutarch, and in the Old Testament's Book of Daniel
19:10:25,-1.0,-1.0,3,TIL a natural gas vent in Iraq known as The Eternal Fire has been burning continuously for over 4,000 years, and is mentioned by Herodotus, Plutarch, and in the Old Testament's Book of Daniel
19:10:25,-1.0,-1.0,3,TIL a natural gas vent in Iraq known as The Eternal Fire has been burning continuously for over 4,000 years, and is mentioned by Herodotus, Plutarch, and in the Old Testament's Book of Daniel
19:10:25,-1.0,-1.0,3,TIL a natural gas vent in Iraq known as The Eternal Fire has been burning continuously for over 4,000 years, and is mentioned by Herodotus, Plutarch, and in the Old Testament's Book of Daniel
19:10:25,-1.0,-1.0,3,TIL a natural gas vent in Iraq known as The Eternal Fire has been burning continuously for over 4,000 years, and is mentioned by Herodotus, Plutarch, and in the Old Testament's Book of Daniel
19:10:25,-1.0,-1.0,3,TIL a natural gas vent in Iraq known as The Eternal Fire has been burning continuously for over 4,000 years, and is mentioned by Herodotus, Plutarch, and in the Old Testament's Book of Daniel
19:10:25,-1.0,-1.0,3,TIL a natural gas vent in Iraq known as The Eternal Fire has been burning continuously for over 4,000 years, and is mentioned by Herodotus, Plutarch, and in the Old Testament's Book of Daniel
19:10:25,-1.0,-1.0,3,TIL a natural gas vent in Iraq known as The Eternal Fire has been burning continuously for over 4,000 years, and is mentioned by Herodotus, Plutarch, and in the Old Testament's Book of Daniel
19:10:25,-1.0,-1.0,3,TIL a natural gas vent in Iraq known as The Eternal Fire has been burning continuously for over 4,000 years, and is mentioned by Herodotus, Plutarch, and in the Old Testament's Book of Daniel
19:10:25,-1.0,-1.0,3,TIL a natural gas vent in Iraq known as The Eternal Fire has been burning continuously for over 4,000 years, and is mentioned by Herodotus, Plutarch, and in the Old Testament's Book of Daniel
19:10:26,-1.0,-1.0,3,TIL a natural gas vent in Iraq known as The Eternal Fire has been burning continuously for over 4,000 years, and is mentioned by Herodotus, Plutarch, and in the Old Testament's Book of Daniel
19:10:26,-1.0,-1.0,3,TIL a natural gas vent in Iraq known as The Eternal Fire has been burning continuously for over 4,000 years, and is mentioned by Herodotus, Plutarch, and in the Old Testament's Book of Daniel
19:10:26,-1.0,-1.0,3,TIL a natural gas vent in Iraq known as The Eternal Fire has been burning continuously for over 4,000 years, and is mentioned by Herodotus, Plutarch, and in the Old Testament's Book of Daniel
19:10:26,-1.0,-1.0,3,TIL a natural gas vent in Iraq known as The Eternal Fire has been burning continuously for over 4,000 years, and is mentioned by Herodotus, Plutarch, and in the Old Testament's Book of Daniel
19:10:26,-1.0,-1.0,3,TIL a natural gas vent in Iraq known as The Eternal Fire has been burning continuously for over 4,000 years, and is mentioned by Herodotus, Plutarch, and in the Old Testament's Book of Daniel
19:10:26,-1.0,-1.0,3,TIL a natural gas vent in Iraq known as The Eternal Fire has been burning continuously for over 4,000 years, and is mentioned by Herodotus, Plutarch, and in the Old Testament's Book of Daniel
19:10:26,-1.0,-1.0,3,TIL a natural gas vent in Iraq known as The Eternal Fire has been burning continuously for over 4,000 years, and is mentioned by Herodotus, Plutarch, and in the Old Testament's Book of Daniel
19:10:26,-1.0,-1.0,3,TIL a natural gas vent in Iraq known as The Eternal Fire has been burning continuously for over 4,000 years, and is mentioned by Herodotus, Plutarch, and in the Old Testament's Book of Daniel
19:10:26,-1.0,-1.0,3,TIL a natural gas vent in Iraq known as The Eternal Fire has been burning continuously for over 4,000 years, and is mentioned by Herodotus, Plutarch, and in the Old Testament's Book of Daniel
19:10:26,-1.0,-1.0,3,TIL a natural gas vent in Iraq known as The Eternal Fire has been burning continuously for over 4,000 years, and is mentioned by Herodotus, Plutarch, and in the Old Testament's Book of Daniel
19:10:26,-1.0,-1.0,3,TIL a natural gas vent in Iraq known as The Eternal Fire has been burning continuously for over 4,000 years, and is mentioned by Herodotus, Plutarch, and in the Old Testament's Book of Daniel
19:10:26,-1.0,-1.0,3,TIL a natural gas vent in Iraq known as The Eternal Fire has been burning continuously for over 4,000 years, and is mentioned by Herodotus, Plutarch, and in the Old Testament's Book of Daniel
19:10:26,-1.0,-1.0,3,TIL a natural gas vent in Iraq known as The Eternal Fire has been burning continuously for over 4,000 years, and is mentioned by Herodotus, Plutarch, and in the Old Testament's Book of Daniel
19:10:26,-1.0,-1.0,3,TIL a natural gas vent in Iraq known as The Eternal Fire has been burning continuously for over 4,000 years, and is mentioned by Herodotus, Plutarch, and in the Old Testament's Book of Daniel
19:10:26,-1.0,-1.0,3,TIL a natural gas vent in Iraq known as The Eternal Fire has been burning continuously for over 4,000 years, and is mentioned by Herodotus, Plutarch, and in the Old Testament's Book of Daniel
19:10:26,-1.0,-1.0,3,TIL a natural gas vent in Iraq known as The Eternal Fire has been burning continuously for over 4,000 years, and is mentioned by Herodotus, Plutarch, and in the Old Testament's Book of Daniel
19:10:26,-1.0,-1.0,3,TIL a natural gas vent in Iraq known as The Eternal Fire has been burning continuously for over 4,000 years, and is mentioned by Herodotus, Plutarch, and in the Old Testament's Book of Daniel
19:10:26,-1.0,-1.0,3,TIL a natural gas vent in Iraq known as The Eternal Fire has been burning continuously for over 4,000 years, and is mentioned by Herodotus, Plutarch, and in the Old Testament's Book of Daniel
19:10:26,-1.0,-1.0,3,TIL a natural gas vent in Iraq known as The Eternal Fire has been burning continuously for over 4,000 years, and is mentioned by Herodotus, Plutarch, and in the Old Testament's Book of Daniel
19:10:26,-1.0,-1.0,3,TIL a natural gas vent in Iraq known as The Eternal Fire has been burning continuously for over 4,000 years, and is mentioned by Herodotus, Plutarch, and in the Old Testament's Book of Daniel
19:10:26,-1.0,-1.0,3,TIL a natural gas vent in Iraq known as The Eternal Fire has been burning continuously for over 4,000 years, and is mentioned by Herodotus, Plutarch, and in the Old Testament's Book of Daniel
19:10:26,-1.0,-1.0,3,TIL a natural gas vent in Iraq known as The Eternal Fire has been burning continuously for over 4,000 years, and is mentioned by Herodotus, Plutarch, and in the Old Testament's Book of Daniel
19:10:26,-1.0,-1.0,3,TIL a natural gas vent in Iraq known as The Eternal Fire has been burning continuously for over 4,000 years, and is mentioned by Herodotus, Plutarch, and in the Old Testament's Book of Daniel
19:10:26,-1.0,-1.0,3,TIL a natural gas vent in Iraq known as The Eternal Fire has been burning continuously for over 4,000 years, and is mentioned by Herodotus, Plutarch, and in the Old Testament's Book of Daniel
19:10:27,-1.0,-1.0,3,TIL a natural gas vent in Iraq known as The Eternal Fire has been burning continuously for over 4,000 years, and is mentioned by Herodotus, Plutarch, and in the Old Testament's Book of Daniel
19:10:27,-1.0,-1.0,3,TIL a natural gas vent in Iraq known as The Eternal Fire has been burning continuously for over 4,000 years, and is mentioned by Herodotus, Plutarch, and in the Old Testament's Book of Daniel
19:10:27,-1.0,-1.0,3,TIL a natural gas vent in Iraq known as The Eternal Fire has been burning continuously for over 4,000 years, and is mentioned by Herodotus, Plutarch, and in the Old Testament's Book of Daniel
19:10:27,-1.0,-1.0,3,TIL a natural gas vent in Iraq known as The Eternal Fire has been burning continuously for over 4,000 years, and is mentioned by Herodotus, Plutarch, and in the Old Testament's Book of Daniel
19:10:27,-1.0,-1.0,3,TIL a natural gas vent in Iraq known as The Eternal Fire has been burning continuously for over 4,000 years, and is mentioned by Herodotus, Plutarch, and in the Old Testament's Book of Daniel
19:10:27,-1.0,-1.0,3,TIL a natural gas vent in Iraq known as The Eternal Fire has been burning continuously for over 4,000 years, and is mentioned by Herodotus, Plutarch, and in the Old Testament's Book of Daniel
19:10:27,-1.0,-1.0,3,TIL a natural gas vent in Iraq known as The Eternal Fire has been burning continuously for over 4,000 years, and is mentioned by Herodotus, Plutarch, and in the Old Testament's Book of Daniel
19:10:27,-1.0,-1.0,3,TIL a natural gas vent in Iraq known as The Eternal Fire has been burning continuously for over 4,000 years, and is mentioned by Herodotus, Plutarch, and in the Old Testament's Book of Daniel
19:10:27,-1.0,-1.0,3,TIL a natural gas vent in Iraq known as The Eternal Fire has been burning continuously for over 4,000 years, and is mentioned by Herodotus, Plutarch, and in the Old Testament's Book of Daniel
19:10:27,-1.0,-1.0,3,TIL a natural gas vent in Iraq known as The Eternal Fire has been burning continuously for over 4,000 years, and is mentioned by Herodotus, Plutarch, and in the Old Testament's Book of Daniel
19:10:27,-1.0,-1.0,3,TIL a natural gas vent in Iraq known as The Eternal Fire has been burning continuously for over 4,000 years, and is mentioned by Herodotus, Plutarch, and in the Old Testament's Book of Daniel
19:10:27,-1.0,-1.0,3,TIL a natural gas vent in Iraq known as The Eternal Fire has been burning continuously for over 4,000 years, and is mentioned by Herodotus, Plutarch, and in the Old Testament's Book of Daniel
19:10:27,-1.0,-1.0,3,TIL a natural gas vent in Iraq known as The Eternal Fire has been burning continuously for over 4,000 years, and is mentioned by Herodotus, Plutarch, and in the Old Testament's Book of Daniel
19:10:27,-1.0,-1.0,3,TIL a natural gas vent in Iraq known as The Eternal Fire has been burning continuously for over 4,000 years, and is mentioned by Herodotus, Plutarch, and in the Old Testament's Book of Daniel
19:10:27,-1.0,-1.0,3,TIL a natural gas vent in Iraq known as The Eternal Fire has been burning continuously for over 4,000 years, and is mentioned by Herodotus, Plutarch, and in the Old Testament's Book of Daniel
19:10:27,-1.0,-1.0,3,TIL a natural gas vent in Iraq known as The Eternal Fire has been burning continuously for over 4,000 years, and is mentioned by Herodotus, Plutarch, and in the Old Testament's Book of Daniel
19:10:27,-1.0,-1.0,3,TIL a natural gas vent in Iraq known as The Eternal Fire has been burning continuously for over 4,000 years, and is mentioned by Herodotus, Plutarch, and in the Old Testament's Book of Daniel
19:10:27,-1.0,-1.0,3,TIL a natural gas vent in Iraq known as The Eternal Fire has been burning continuously for over 4,000 years, and is mentioned by Herodotus, Plutarch, and in the Old Testament's Book of Daniel
19:10:27,-1.0,-1.0,3,TIL a natural gas vent in Iraq known as The Eternal Fire has been burning continuously for over 4,000 years, and is mentioned by Herodotus, Plutarch, and in the Old Testament's Book of Daniel
19:10:27,-1.0,-1.0,3,TIL a natural gas vent in Iraq known as The Eternal Fire has been burning continuously for over 4,000 years, and is mentioned by Herodotus, Plutarch, and in the Old Testament's Book of Daniel
19:10:27,-1.0,-1.0,3,TIL a natural gas vent in Iraq known as The Eternal Fire has been burning continuously for over 4,000 years, and is mentioned by Herodotus, Plutarch, and in the Old Testament's Book of Daniel
19:10:27,-1.0,-1.0,3,TIL a natural gas vent in Iraq known as The Eternal Fire has been burning continuously for over 4,000 years, and is mentioned by Herodotus, Plutarch, and in the Old Testament's Book of Daniel
19:10:27,-1.0,-1.0,3,TIL a natural gas vent in Iraq known as The Eternal Fire has been burning continuously for over 4,000 years, and is mentioned by Herodotus, Plutarch, and in the Old Testament's Book of Daniel
19:10:27,-1.0,-1.0,3,TIL a natural gas vent in Iraq known as The Eternal Fire has been burning continuously for over 4,000 years, and is mentioned by Herodotus, Plutarch, and in the Old Testament's Book of Daniel
19:10:28,-1.0,-1.0,3,TIL a natural gas vent in Iraq known as The Eternal Fire has been burning continuously for over 4,000 years, and is mentioned by Herodotus, Plutarch, and in the Old Testament's Book of Daniel
19:10:28,-1.0,-1.0,3,TIL a natural gas vent in Iraq known as The Eternal Fire has been burning continuously for over 4,000 years, and is mentioned by Herodotus, Plutarch, and in the Old Testament's Book of Daniel
19:10:28,-1.0,-1.0,3,TIL a natural gas vent in Iraq known as The Eternal Fire has been burning continuously for over 4,000 years, and is mentioned by Herodotus, Plutarch, and in the Old Testament's Book of Daniel
19:10:28,-1.0,-1.0,3,TIL a natural gas vent in Iraq known as The Eternal Fire has been burning continuously for over 4,000 years, and is mentioned by Herodotus, Plutarch, and in the Old Testament's Book of Daniel
19:10:28,-1.0,-1.0,3,TIL a natural gas vent in Iraq known as The Eternal Fire has been burning continuously for over 4,000 years, and is mentioned by Herodotus, Plutarch, and in the Old Testament's Book of Daniel
19:10:28,-1.0,-1.0,3,TIL a natural gas vent in Iraq known as The Eternal Fire has been burning continuously for over 4,000 years, and is mentioned by Herodotus, Plutarch, and in the Old Testament's Book of Daniel
19:10:28,-1.0,-1.0,3,TIL a natural gas vent in Iraq known as The Eternal Fire has been burning continuously for over 4,000 years, and is mentioned by Herodotus, Plutarch, and in the Old Testament's Book of Daniel
19:10:28,-1.0,-1.0,3,TIL a natural gas vent in Iraq known as The Eternal Fire has been burning continuously for over 4,000 years, and is mentioned by Herodotus, Plutarch, and in the Old Testament's Book of Daniel
19:10:28,-1.0,-1.0,3,TIL a natural gas vent in Iraq known as The Eternal Fire has been burning continuously for over 4,000 years, and is mentioned by Herodotus, Plutarch, and in the Old Testament's Book of Daniel
19:10:28,-1.0,-1.0,3,TIL a natural gas vent in Iraq known as The Eternal Fire has been burning continuously for over 4,000 years, and is mentioned by Herodotus, Plutarch, and in the Old Testament's Book of Daniel
19:10:28,-1.0,-1.0,3,TIL a natural gas vent in Iraq known as The Eternal Fire has been burning continuously for over 4,000 years, and is mentioned by Herodotus, Plutarch, and in the Old Testament's Book of Daniel
19:10:28,-1.0,-1.0,3,TIL a natural gas vent in Iraq known as The Eternal Fire has been burning continuously for over 4,000 years, and is mentioned by Herodotus, Plutarch, and in the Old Testament's Book of Daniel
19:10:28,-1.0,-1.0,3,TIL a natural gas vent in Iraq known as The Eternal Fire has been burning continuously for over 4,000 years, and is mentioned by Herodotus, Plutarch, and in the Old Testament's Book of Daniel
19:10:28,-1.0,-1.0,3,TIL a natural gas vent in Iraq known as The Eternal Fire has been burning continuously for over 4,000 years, and is mentioned by Herodotus, Plutarch, and in the Old Testament's Book of Daniel
19:10:28,-1.0,-1.0,3,TIL a natural gas vent in Iraq known as The Eternal Fire has been burning continuously for over 4,000 years, and is mentioned by Herodotus, Plutarch, and in the Old Testament's Book of Daniel
19:10:28,-1.0,-1.0,3,TIL a natural gas vent in Iraq known as The Eternal Fire has been burning continuously for over 4,000 years, and is mentioned by Herodotus, Plutarch, and in the Old Testament's Book of Daniel
19:10:28,-1.0,-1.0,3,TIL a natural gas vent in Iraq known as The Eternal Fire has been burning continuously for over 4,000 years, and is mentioned by Herodotus, Plutarch, and in the Old Testament's Book of Daniel
19:10:28,-1.0,-1.0,3,TIL a natural gas vent in Iraq known as The Eternal Fire has been burning continuously for over 4,000 years, and is mentioned by Herodotus, Plutarch, and in the Old Testament's Book of Daniel
19:10:28,-1.0,-1.0,3,TIL a natural gas vent in Iraq known as The Eternal Fire has been burning continuously for over 4,000 years, and is mentioned by Herodotus, Plutarch, and in the Old Testament's Book of Daniel
19:10:28,-1.0,-1.0,3,TIL a natural gas vent in Iraq known as The Eternal Fire has been burning continuously for over 4,000 years, and is mentioned by Herodotus, Plutarch, and in the Old Testament's Book of Daniel
19:10:28,-1.0,-1.0,3,TIL a natural gas vent in Iraq known as The Eternal Fire has been burning continuously for over 4,000 years, and is mentioned by Herodotus, Plutarch, and in the Old Testament's Book of Daniel
19:10:28,-1.0,-1.0,3,TIL a natural gas vent in Iraq known as The Eternal Fire has been burning continuously for over 4,000 years, and is mentioned by Herodotus, Plutarch, and in the Old Testament's Book of Daniel
19:10:28,-1.0,-1.0,3,TIL a natural gas vent in Iraq known as The Eternal Fire has been burning continuously for over 4,000 years, and is mentioned by Herodotus, Plutarch, and in the Old Testament's Book of Daniel
19:10:28,-1.0,-1.0,3,TIL a natural gas vent in Iraq known as The Eternal Fire has been burning continuously for over 4,000 years, and is mentioned by Herodotus, Plutarch, and in the Old Testament's Book of Daniel
19:10:29,-1.0,-1.0,3,TIL a natural gas vent in Iraq known as The Eternal Fire has been burning continuously for over 4,000 years, and is mentioned by Herodotus, Plutarch, and in the Old Testament's Book of Daniel
19:10:29,-1.0,-1.0,3,TIL a natural gas vent in Iraq known as The Eternal Fire has been burning continuously for over 4,000 years, and is mentioned by Herodotus, Plutarch, and in the Old Testament's Book of Daniel
19:10:29,-1.0,-1.0,3,TIL a natural gas vent in Iraq known as The Eternal Fire has been burning continuously for over 4,000 years, and is mentioned by Herodotus, Plutarch, and in the Old Testament's Book of Daniel
19:10:29,-1.0,-1.0,3,TIL a natural gas vent in Iraq known as The Eternal Fire has been burning continuously for over 4,000 years, and is mentioned by Herodotus, Plutarch, and in the Old Testament's Book of Daniel
19:10:29,-1.0,-1.0,3,TIL a natural gas vent in Iraq known as The Eternal Fire has been burning continuously for over 4,000 years, and is mentioned by Herodotus, Plutarch, and in the Old Testament's Book of Daniel
19:10:29,-1.0,-1.0,3,TIL a natural gas vent in Iraq known as The Eternal Fire has been burning continuously for over 4,000 years, and is mentioned by Herodotus, Plutarch, and in the Old Testament's Book of Daniel
19:10:29,-1.0,-1.0,3,TIL a natural gas vent in Iraq known as The Eternal Fire has been burning continuously for over 4,000 years, and is mentioned by Herodotus, Plutarch, and in the Old Testament's Book of Daniel
19:10:29,-1.0,-1.0,3,TIL a natural gas vent in Iraq known as The Eternal Fire has been burning continuously for over 4,000 years, and is mentioned by Herodotus, Plutarch, and in the Old Testament's Book of Daniel
19:10:29,-1.0,-1.0,3,TIL a natural gas vent in Iraq known as The Eternal Fire has been burning continuously for over 4,000 years, and is mentioned by Herodotus, Plutarch, and in the Old Testament's Book of Daniel
19:10:29,-1.0,-1.0,3,TIL a natural gas vent in Iraq known as The Eternal Fire has been burning continuously for over 4,000 years, and is mentioned by Herodotus, Plutarch, and in the Old Testament's Book of Daniel
19:10:29,-1.0,-1.0,3,TIL a natural gas vent in Iraq known as The Eternal Fire has been burning continuously for over 4,000 years, and is mentioned by Herodotus, Plutarch, and in the Old Testament's Book of Daniel
19:10:29,-1.0,-1.0,3,TIL a natural gas vent in Iraq known as The Eternal Fire has been burning continuously for over 4,000 years, and is mentioned by Herodotus, Plutarch, and in the Old Testament's Book of Daniel
19:10:29,-1.0,-1.0,3,TIL a natural gas vent in Iraq known as The Eternal Fire has been burning continuously for over 4,000 years, and is mentioned by Herodotus, Plutarch, and in the Old Testament's Book of Daniel
19:10:29,-1.0,-1.0,3,TIL a natural gas vent in Iraq known as The Eternal Fire has been burning continuously for over 4,000 years, and is mentioned by Herodotus, Plutarch, and in the Old Testament's Book of Daniel
19:10:29,-1.0,-1.0,3,TIL a natural gas vent in Iraq known as The Eternal Fire has been burning continuously for over 4,000 years, and is mentioned by Herodotus, Plutarch, and in the Old Testament's Book of Daniel
19:10:29,-1.0,-1.0,3,TIL a natural gas vent in Iraq known as The Eternal Fire has been burning continuously for over 4,000 years, and is mentioned by Herodotus, Plutarch, and in the Old Testament's Book of Daniel
19:10:29,-1.0,-1.0,3,TIL a natural gas vent in Iraq known as The Eternal Fire has been burning continuously for over 4,000 years, and is mentioned by Herodotus, Plutarch, and in the Old Testament's Book of Daniel
19:10:29,-1.0,-1.0,3,TIL a natural gas vent in Iraq known as The Eternal Fire has been burning continuously for over 4,000 years, and is mentioned by Herodotus, Plutarch, and in the Old Testament's Book of Daniel
19:10:29,-1.0,-1.0,3,TIL a natural gas vent in Iraq known as The Eternal Fire has been burning continuously for over 4,000 years, and is mentioned by Herodotus, Plutarch, and in the Old Testament's Book of Daniel
19:10:29,-1.0,-1.0,3,TIL a natural gas vent in Iraq known as The Eternal Fire has been burning continuously for over 4,000 years, and is mentioned by Herodotus, Plutarch, and in the Old Testament's Book of Daniel
19:10:29,-1.0,-1.0,3,TIL a natural gas vent in Iraq known as The Eternal Fire has been burning continuously for over 4,000 years, and is mentioned by Herodotus, Plutarch, and in the Old Testament's Book of Daniel
19:10:29,-1.0,-1.0,3,TIL a natural gas vent in Iraq known as The Eternal Fire has been burning continuously for over 4,000 years, and is mentioned by Herodotus, Plutarch, and in the Old Testament's Book of Daniel
19:10:29,-1.0,-1.0,3,TIL a natural gas vent in Iraq known as The Eternal Fire has been burning continuously for over 4,000 years, and is mentioned by Herodotus, Plutarch, and in the Old Testament's Book of Daniel
19:10:29,-1.0,-1.0,3,TIL a natural gas vent in Iraq known as The Eternal Fire has been burning continuously for over 4,000 years, and is mentioned by Herodotus, Plutarch, and in the Old Testament's Book of Daniel
19:10:30,-1.0,-1.0,3,TIL a natural gas vent in Iraq known as The Eternal Fire has been burning continuously for over 4,000 years, and is mentioned by Herodotus, Plutarch, and in the Old Testament's Book of Daniel
19:10:30,-1.0,-1.0,3,TIL a natural gas vent in Iraq known as The Eternal Fire has been burning continuously for over 4,000 years, and is mentioned by Herodotus, Plutarch, and in the Old Testament's Book of Daniel
19:10:30,-1.0,-1.0,3,TIL a natural gas vent in Iraq known as The Eternal Fire has been burning continuously for over 4,000 years, and is mentioned by Herodotus, Plutarch, and in the Old Testament's Book of Daniel
19:10:30,-1.0,-1.0,3,TIL a natural gas vent in Iraq known as The Eternal Fire has been burning continuously for over 4,000 years, and is mentioned by Herodotus, Plutarch, and in the Old Testament's Book of Daniel
19:10:30,-1.0,-1.0,3,TIL a natural gas vent in Iraq known as The Eternal Fire has been burning continuously for over 4,000 years, and is mentioned by Herodotus, Plutarch, and in the Old Testament's Book of Daniel
19:10:30,-1.0,-1.0,3,TIL a natural gas vent in Iraq known as The Eternal Fire has been burning continuously for over 4,000 years, and is mentioned by Herodotus, Plutarch, and in the Old Testament's Book of Daniel
19:10:30,-1.0,-1.0,3,TIL a natural gas vent in Iraq known as The Eternal Fire has been burning continuously for over 4,000 years, and is mentioned by Herodotus, Plutarch, and in the Old Testament's Book of Daniel
19:10:30,-1.0,-1.0,3,TIL a natural gas vent in Iraq known as The Eternal Fire has been burning continuously for over 4,000 years, and is mentioned by Herodotus, Plutarch, and in the Old Testament's Book of Daniel
19:10:30,-1.0,-1.0,3,TIL a natural gas vent in Iraq known as The Eternal Fire has been burning continuously for over 4,000 years, and is mentioned by Herodotus, Plutarch, and in the Old Testament's Book of Daniel
19:10:30,-1.0,-1.0,3,TIL a natural gas vent in Iraq known as The Eternal Fire has been burning continuously for over 4,000 years, and is mentioned by Herodotus, Plutarch, and in the Old Testament's Book of Daniel
19:10:30,-1.0,-1.0,3,TIL a natural gas vent in Iraq known as The Eternal Fire has been burning continuously for over 4,000 years, and is mentioned by Herodotus, Plutarch, and in the Old Testament's Book of Daniel
19:10:30,-1.0,-1.0,3,TIL a natural gas vent in Iraq known as The Eternal Fire has been burning continuously for over 4,000 years, and is mentioned by Herodotus, Plutarch, and in the Old Testament's Book of Daniel
19:10:30,-1.0,-1.0,3,TIL a natural gas vent in Iraq known as The Eternal Fire has been burning continuously for over 4,000 years, and is mentioned by Herodotus, Plutarch, and in the Old Testament's Book of Daniel
19:10:30,-1.0,-1.0,3,TIL a natural gas vent in Iraq known as The Eternal Fire has been burning continuously for over 4,000 years, and is mentioned by Herodotus, Plutarch, and in the Old Testament's Book of Daniel
19:10:30,-1.0,-1.0,3,TIL a natural gas vent in Iraq known as The Eternal Fire has been burning continuously for over 4,000 years, and is mentioned by Herodotus, Plutarch, and in the Old Testament's Book of Daniel
19:10:30,-1.0,-1.0,3,TIL a natural gas vent in Iraq known as The Eternal Fire has been burning continuously for over 4,000 years, and is mentioned by Herodotus, Plutarch, and in the Old Testament's Book of Daniel
19:10:30,-1.0,-1.0,3,TIL a natural gas vent in Iraq known as The Eternal Fire has been burning continuously for over 4,000 years, and is mentioned by Herodotus, Plutarch, and in the Old Testament's Book of Daniel
19:10:30,-1.0,-1.0,3,TIL a natural gas vent in Iraq known as The Eternal Fire has been burning continuously for over 4,000 years, and is mentioned by Herodotus, Plutarch, and in the Old Testament's Book of Daniel
19:10:30,-1.0,-1.0,3,TIL a natural gas vent in Iraq known as The Eternal Fire has been burning continuously for over 4,000 years, and is mentioned by Herodotus, Plutarch, and in the Old Testament's Book of Daniel
19:10:30,-1.0,-1.0,3,TIL a natural gas vent in Iraq known as The Eternal Fire has been burning continuously for over 4,000 years, and is mentioned by Herodotus, Plutarch, and in the Old Testament's Book of Daniel
19:10:30,-1.0,-1.0,3,TIL a natural gas vent in Iraq known as The Eternal Fire has been burning continuously for over 4,000 years, and is mentioned by Herodotus, Plutarch, and in the Old Testament's Book of Daniel
19:10:30,-1.0,-1.0,3,TIL a natural gas vent in Iraq known as The Eternal Fire has been burning continuously for over 4,000 years, and is mentioned by Herodotus, Plutarch, and in the Old Testament's Book of Daniel
19:10:30,-1.0,-1.0,3,TIL a natural gas vent in Iraq known as The Eternal Fire has been burning continuously for over 4,000 years, and is mentioned by Herodotus, Plutarch, and in the Old Testament's Book of Daniel
19:10:30,-1.0,-1.0,3,TIL a natural gas vent in Iraq known as The Eternal Fire has been burning continuously for over 4,000 years, and is mentioned by Herodotus, Plutarch, and in the Old Testament's Book of Daniel
19:10:31,-1.0,-1.0,3,TIL a natural gas vent in Iraq known as The Eternal Fire has been burning continuously for over 4,000 years, and is mentioned by Herodotus, Plutarch, and in the Old Testament's Book of Daniel
19:10:31,-1.0,-1.0,3,TIL a natural gas vent in Iraq known as The Eternal Fire has been burning continuously for over 4,000 years, and is mentioned by Herodotus, Plutarch, and in the Old Testament's Book of Daniel
19:10:31,-1.0,-1.0,3,TIL a natural gas vent in Iraq known as The Eternal Fire has been burning continuously for over 4,000 years, and is mentioned by Herodotus, Plutarch, and in the Old Testament's Book of Daniel
19:10:31,-1.0,-1.0,3,TIL a natural gas vent in Iraq known as The Eternal Fire has been burning continuously for over 4,000 years, and is mentioned by Herodotus, Plutarch, and in the Old Testament's Book of Daniel
19:10:31,-1.0,-1.0,3,TIL a natural gas vent in Iraq known as The Eternal Fire has been burning continuously for over 4,000 years, and is mentioned by Herodotus, Plutarch, and in the Old Testament's Book of Daniel
19:10:31,-1.0,-1.0,3,TIL a natural gas vent in Iraq known as The Eternal Fire has been burning continuously for over 4,000 years, and is mentioned by Herodotus, Plutarch, and in the Old Testament's Book of Daniel
19:10:31,-1.0,-1.0,3,TIL a natural gas vent in Iraq known as The Eternal Fire has been burning continuously for over 4,000 years, and is mentioned by Herodotus, Plutarch, and in the Old Testament's Book of Daniel
19:10:31,-1.0,-1.0,3,TIL a natural gas vent in Iraq known as The Eternal Fire has been burning continuously for over 4,000 years, and is mentioned by Herodotus, Plutarch, and in the Old Testament's Book of Daniel
19:10:31,-1.0,-1.0,3,TIL a natural gas vent in Iraq known as The Eternal Fire has been burning continuously for over 4,000 years, and is mentioned by Herodotus, Plutarch, and in the Old Testament's Book of Daniel
19:10:31,-1.0,-1.0,3,TIL a natural gas vent in Iraq known as The Eternal Fire has been burning continuously for over 4,000 years, and is mentioned by Herodotus, Plutarch, and in the Old Testament's Book of Daniel
19:10:31,-1.0,-1.0,3,TIL a natural gas vent in Iraq known as The Eternal Fire has been burning continuously for over 4,000 years, and is mentioned by Herodotus, Plutarch, and in the Old Testament's Book of Daniel
19:10:31,-1.0,-1.0,3,TIL a natural gas vent in Iraq known as The Eternal Fire has been burning continuously for over 4,000 years, and is mentioned by Herodotus, Plutarch, and in the Old Testament's Book of Daniel
19:10:31,-1.0,-1.0,3,TIL a natural gas vent in Iraq known as The Eternal Fire has been burning continuously for over 4,000 years, and is mentioned by Herodotus, Plutarch, and in the Old Testament's Book of Daniel
19:10:31,-1.0,-1.0,3,TIL a natural gas vent in Iraq known as The Eternal Fire has been burning continuously for over 4,000 years, and is mentioned by Herodotus, Plutarch, and in the Old Testament's Book of Daniel
19:10:31,-1.0,-1.0,3,TIL a natural gas vent in Iraq known as The Eternal Fire has been burning continuously for over 4,000 years, and is mentioned by Herodotus, Plutarch, and in the Old Testament's Book of Daniel
19:10:31,-1.0,-1.0,3,TIL a natural gas vent in Iraq known as The Eternal Fire has been burning continuously for over 4,000 years, and is mentioned by Herodotus, Plutarch, and in the Old Testament's Book of Daniel
19:10:31,-1.0,-1.0,-1,
19:10:31,-1.0,-1.0,-1,
19:10:31,-1.0,-1.0,-1,
19:10:31,-1.0,-1.0,-1,
19:10:31,-1.0,-1.0,-1,
19:10:31,-1.0,-1.0,-1,
19:10:31,-1.0,-1.0,-1,
19:10:31,-1.0,-1.0,-1,
19:10:32,-1.0,-1.0,-1,
19:10:32,-1.0,-1.0,-1,
19:10:32,-1.0,-1.0,-1,
19:10:32,-1.0,-1.0,-1,
19:10:32,-1.0,-1.0,-1,
19:10:32,-1.0,-1.0,-1,
19:10:32,-1.0,-1.0,-1,
19:10:32,-1.0,-1.0,-1,
19:10:32,-1.0,-1.0,-1,
19:10:32,-1.0,-1.0,-1,
19:10:32,-1.0,-1.0,-1,
19:10:32,-1.0,-1.0,-1,
19:10:32,-1.0,-1.0,-1,
19:10:32,-1.0,-1.0,-1,
19:10:32,-1.0,-1.0,-1,
19:10:32,-1.0,-1.0,-1,
19:10:32,-1.0,-1.0,4,Mount Rainier National Park, Washington: Photo by Peter West Carey [2048x1181]
19:10:32,-1.0,-1.0,4,Mount Rainier National Park, Washington: Photo by Peter West Carey [2048x1181]
19:10:32,-1.0,-1.0,4,Mount Rainier National Park, Washington: Photo by Peter West Carey [2048x1181]
19:10:32,-1.0,-1.0,4,Mount Rainier National Park, Washington: Photo by Peter West Carey [2048x1181]
19:10:32,-1.0,-1.0,4,Mount Rainier National Park, Washington: Photo by Peter West Carey [2048x1181]
19:10:32,-1.0,-1.0,4,Mount Rainier National Park, Washington: Photo by Peter West Carey [2048x1181]
19:10:32,-1.0,-1.0,4,Mount Rainier National Park, Washington: Photo by Peter West Carey [2048x1181]
19:10:32,-1.0,-1.0,4,Mount Rainier National Park, Washington: Photo by Peter West Carey [2048x1181]
19:10:33,-1.0,-1.0,4,Mount Rainier National Park, Washington: Photo by Peter West Carey [2048x1181]
19:10:33,-1.0,-1.0,4,Mount Rainier National Park, Washington: Photo by Peter West Carey [2048x1181]
19:10:33,-1.0,-1.0,4,Mount Rainier National Park, Washington: Photo by Peter West Carey [2048x1181]
19:10:33,-1.0,-1.0,4,Mount Rainier National Park, Washington: Photo by Peter West Carey [2048x1181]
19:10:33,-1.0,-1.0,4,Mount Rainier National Park, Washington: Photo by Peter West Carey [2048x1181]
19:10:33,-1.0,-1.0,4,Mount Rainier National Park, Washington: Photo by Peter West Carey [2048x1181]
19:10:33,-1.0,-1.0,4,Mount Rainier National Park, Washington: Photo by Peter West Carey [2048x1181]
19:10:33,-1.0,-1.0,4,Mount Rainier National Park, Washington: Photo by Peter West Carey [2048x1181]
19:10:33,-1.0,-1.0,4,Mount Rainier National Park, Washington: Photo by Peter West Carey [2048x1181]
19:10:33,-1.0,-1.0,4,Mount Rainier National Park, Washington: Photo by Peter West Carey [2048x1181]
19:10:33,-1.0,-1.0,4,Mount Rainier National Park, Washington: Photo by Peter West Carey [2048x1181]
19:10:33,-1.0,-1.0,4,Mount Rainier National Park, Washington: Photo by Peter West Carey [2048x1181]
19:10:33,-1.0,-1.0,4,Mount Rainier National Park, Washington: Photo by Peter West Carey [2048x1181]
19:10:33,-1.0,-1.0,4,Mount Rainier National Park, Washington: Photo by Peter West Carey [2048x1181]
19:10:33,-1.0,-1.0,4,Mount Rainier National Park, Washington: Photo by Peter West Carey [2048x1181]
19:10:33,-1.0,-1.0,4,Mount Rainier National Park, Washington: Photo by Peter West Carey [2048x1181]
19:10:33,-1.0,-1.0,4,Mount Rainier National Park, Washington: Photo by Peter West Carey [2048x1181]
19:10:33,-1.0,-1.0,4,Mount Rainier National Park, Washington: Photo by Peter West Carey [2048x1181]
19:10:33,-1.0,-1.0,4,Mount Rainier National Park, Washington: Photo by Peter West Carey [2048x1181]
19:10:33,-1.0,-1.0,4,Mount Rainier National Park, Washington: Photo by Peter West Carey [2048x1181]
19:10:33,-1.0,-1.0,4,Mount Rainier National Park, Washington: Photo by Peter West Carey [2048x1181]
19:10:33,-1.0,-1.0,4,Mount Rainier National Park, Washington: Photo by Peter West Carey [2048x1181]
19:10:33,-1.0,-1.0,4,Mount Rainier National Park, Washington: Photo by Peter West Carey [2048x1181]
19:10:33,-1.0,-1.0,4,Mount Rainier National Park, Washington: Photo by Peter West Carey [2048x1181]
19:10:34,-1.0,-1.0,4,Mount Rainier National Park, Washington: Photo by Peter West Carey [2048x1181]
19:10:34,-1.0,-1.0,4,Mount Rainier National Park, Washington: Photo by Peter West Carey [2048x1181]
19:10:34,-1.0,-1.0,4,Mount Rainier National Park, Washington: Photo by Peter West Carey [2048x1181]
19:10:34,-1.0,-1.0,4,Mount Rainier National Park, Washington: Photo by Peter West Carey [2048x1181]
19:10:34,-1.0,-1.0,4,Mount Rainier National Park, Washington: Photo by Peter West Carey [2048x1181]
19:10:34,-1.0,-1.0,4,Mount Rainier National Park, Washington: Photo by Peter West Carey [2048x1181]
19:10:34,-1.0,-1.0,4,Mount Rainier National Park, Washington: Photo by Peter West Carey [2048x1181]
19:10:34,-1.0,-1.0,4,Mount Rainier National Park, Washington: Photo by Peter West Carey [2048x1181]
19:10:34,-1.0,-1.0,4,Mount Rainier National Park, Washington: Photo by Peter West Carey [2048x1181]
19:10:34,-1.0,-1.0,4,Mount Rainier National Park, Washington: Photo by Peter West Carey [2048x1181]
19:10:34,-1.0,-1.0,4,Mount Rainier National Park, Washington: Photo by Peter West Carey [2048x1181]
19:10:34,-1.0,-1.0,4,Mount Rainier National Park, Washington: Photo by Peter West Carey [2048x1181]
19:10:34,-1.0,-1.0,4,Mount Rainier National Park, Washington: Photo by Peter West Carey [2048x1181]
19:10:34,-1.0,-1.0,4,Mount Rainier National Park, Washington: Photo by Peter West Carey [2048x1181]
19:10:34,-1.0,-1.0,4,Mount Rainier National Park, Washington: Photo by Peter West Carey [2048x1181]
19:10:34,-1.0,-1.0,4,Mount Rainier National Park, Washington: Photo by Peter West Carey [2048x1181]
19:10:34,-1.0,-1.0,4,Mount Rainier National Park, Washington: Photo by Peter West Carey [2048x1181]
19:10:34,-1.0,-1.0,4,Mount Rainier National Park, Washington: Photo by Peter West Carey [2048x1181]
19:10:34,-1.0,-1.0,4,Mount Rainier National Park, Washington: Photo by Peter West Carey [2048x1181]
19:10:34,-1.0,-1.0,4,Mount Rainier National Park, Washington: Photo by Peter West Carey [2048x1181]
19:10:34,-1.0,-1.0,4,Mount Rainier National Park, Washington: Photo by Peter West Carey [2048x1181]
19:10:34,-1.0,-1.0,4,Mount Rainier National Park, Washington: Photo by Peter West Carey [2048x1181]
19:10:34,-1.0,-1.0,4,Mount Rainier National Park, Washington: Photo by Peter West Carey [2048x1181]
19:10:34,-1.0,-1.0,4,Mount Rainier National Park, Washington: Photo by Peter West Carey [2048x1181]
19:10:35,-1.0,-1.0,4,Mount Rainier National Park, Washington: Photo by Peter West Carey [2048x1181]
19:10:35,-1.0,-1.0,4,Mount Rainier National Park, Washington: Photo by Peter West Carey [2048x1181]
19:10:35,-1.0,-1.0,4,Mount Rainier National Park, Washington: Photo by Peter West Carey [2048x1181]
19:10:35,-1.0,-1.0,4,Mount Rainier National Park, Washington: Photo by Peter West Carey [2048x1181]
19:10:35,-1.0,-1.0,4,Mount Rainier National Park, Washington: Photo by Peter West Carey [2048x1181]
19:10:35,-1.0,-1.0,4,Mount Rainier National Park, Washington: Photo by Peter West Carey [2048x1181]
19:10:35,-1.0,-1.0,4,Mount Rainier National Park, Washington: Photo by Peter West Carey [2048x1181]
19:10:35,-1.0,-1.0,4,Mount Rainier National Park, Washington: Photo by Peter West Carey [2048x1181]
19:10:35,-1.0,-1.0,4,Mount Rainier National Park, Washington: Photo by Peter West Carey [2048x1181]
19:10:35,-1.0,-1.0,4,Mount Rainier National Park, Washington: Photo by Peter West Carey [2048x1181]
19:10:35,-1.0,-1.0,4,Mount Rainier National Park, Washington: Photo by Peter West Carey [2048x1181]
19:10:35,-1.0,-1.0,4,Mount Rainier National Park, Washington: Photo by Peter West Carey [2048x1181]
19:10:35,-1.0,-1.0,4,Mount Rainier National Park, Washington: Photo by Peter West Carey [2048x1181]
19:10:35,-1.0,-1.0,4,Mount Rainier National Park, Washington: Photo by Peter West Carey [2048x1181]
19:10:35,-1.0,-1.0,-1,
19:10:35,-1.0,-1.0,-1,
19:10:35,-1.0,-1.0,-1,
19:10:35,-1.0,-1.0,-1,
19:10:35,-1.0,-1.0,-1,
19:10:35,-1.0,-1.0,-1,
19:10:35,-1.0,-1.0,-1,
19:10:35,-1.0,-1.0,-1,
19:10:35,-1.0,-1.0,-1,
19:10:35,-1.0,-1.0,-1,
19:10:36,-1.0,-1.0,-1,
19:10:36,-1.0,-1.0,-1,
19:10:36,-1.0,-1.0,-1,
19:10:36,-1.0,-1.0,-1,
19:10:36,-1.0,-1.0,-1,
19:10:36,-1.0,-1.0,-1,
19:10:36,-1.0,-1.0,-1,
19:10:36,-1.0,-1.0,-1,
19:10:36,-1.0,-1.0,-1,
19:10:36,-1.0,-1.0,-1,
19:10:36,-1.0,-1.0,-1,
19:10:36,-1.0,-1.0,-1,
19:10:36,-1.0,-1.0,-1,
19:10:36,-1.0,-1.0,-1,
19:10:36,-1.0,-1.0,-1,
19:10:36,-1.0,-1.0,5,Sleeping bags are often rated to different temperatures depending on construction: -15*, 0*, 20* etc. What is the temperature rating of a dog's coat? And how does this affect a dog's temperature regulation?
19:10:36,-1.0,-1.0,5,Sleeping bags are often rated to different temperatures depending on construction: -15*, 0*, 20* etc. What is the temperature rating of a dog's coat? And how does this affect a dog's temperature regulation?
19:10:36,-1.0,-1.0,5,Sleeping bags are often rated to different temperatures depending on construction: -15*, 0*, 20* etc. What is the temperature rating of a dog's coat? And how does this affect a dog's temperature regulation?
19:10:36,-1.0,-1.0,5,Sleeping bags are often rated to different temperatures depending on construction: -15*, 0*, 20* etc. What is the temperature rating of a dog's coat? And how does this affect a dog's temperature regulation?
